id,product_id,product_name,Date,Model,Brand,Vehicle_Type,Fuel_Type,City,Dealer_Type,Customer_Age_Group,Customer_Gender,Occupation_of_Buyer,Payment_Mode,Festive_Season_Purchase,Advertisement_Type,Service_Availability,Weather_Condition,Road_Conditions,Engine_Capacity_CC,Price_INR,Petrol_Price_at_Purchase,Competitor_Brand_Presence,Discounts_Offers,Stock_on_Date,Quantity_Sold
1,P3008,Vehicle 91,2024-12-13,Model D,Hyundai,Sedan,Petrol,Kolkata,Company Showroom,18-25,Male,Teacher,EMI,Yes,Radio,Not Available,Cloudy,Good,2000,1675569,96.12504830759417,No,No,47,4
2,P3406,Vehicle 35,2024-11-10,Model C,Volkswagen,Hybrid,Petrol,Chennai,Third-party Dealer,26-35,Other,Business,Cash,No,Newspaper,i,Foggy,Good,1800,1835062,99.07959166702173,No,No,85,9
3,P6527,Vehicle 26,2024-09-25,Model C,Hyundai,Truck,Electric,Pune,Company Showroom,60+,Other,Engineer,EMI,No,Social Media,i,Sunny,Moderate,1000,1868953,91.72013322363009,Yes,No,88,4
4,P4111,Vehicle 87,2024-10-30,Model A,Hyundai,Hybrid,Electric,Bangalore,Third-party Dealer,36-45,Female,Government Employee,Loan,Yes,Online,i,Foggy,Poor,800,377907,98.21601595331416,Yes,Yes,57,7
5,P6410,Vehicle 2,2024-09-04,Model A,Honda,Hatchback,Hybrid,Pune,Company Showroom,26-35,Other,Government Employee,Cash,Yes,Online,i,Sunny,Poor,2000,2422778,117.0777282988366,Yes,No,89,6
6,P7555,Vehicle 59,2025-02-02,Model C,Kia,Hatchback,Diesel,Bangalore,Third-party Dealer,60+,Female,Business,Credit Card,Yes,TV,i,Sunny,Poor,2500,689440,107.706519152449,Yes,No,19,7
7,P1970,Vehicle 41,2024-07-12,Model A,Kia,Truck,Hybrid,Bangalore,Company Showroom,18-25,Female,Doctor,Credit Card,Yes,Online,i,Foggy,Poor,1800,2332481,112.26050293073806,Yes,No,82,3
8,P8940,Vehicle 35,2024-09-15,Model C,Tata,SUV,Electric,Ahmedabad,Authorized Dealer,60+,Male,Freelancer,UPI,Yes,Online,i,Foggy,Poor,1000,1113967,101.82314148910727,No,Yes,78,7
9,P1021,Vehicle 93,2025-01-18,Model C,Hyundai,SUV,Diesel,Kolkata,Company Showroom,36-45,Other,Business,Loan,Yes,Social Media,i,Rainy,Poor,1200,1743155,99.1504636695397,Yes,Yes,59,2
10,P1181,Vehicle 91,2024-09-21,Model A,Hyundai,SUV,Hybrid,Chennai,Authorized Dealer,60+,Male,Doctor,Loan,No,Online,i,Cloudy,Good,2500,1278845,95.12328984253907,No,Yes,35,8
11,P9511,Vehicle 77,2024-09-03,Model E,Maruti,Truck,Diesel,Bangalore,Third-party Dealer,26-35,Female,Freelancer,EMI,No,TV,i,Stormy,Poor,1800,1212284,115.95584252949558,No,No,76,10
12,P9970,Vehicle 92,2024-12-27,Model C,Hyundai,SUV,Electric,Mumbai,Company Showroom,36-45,Other,Doctor,Loan,Yes,Social Media,i,Cloudy,Moderate,2500,1360196,104.15936147075314,No,No,66,10
13,P1593,Vehicle 23,2024-06-12,Model A,Toyota,SUV,Diesel,Kolkata,Authorized Dealer,18-25,Female,Teacher,UPI,No,Online,i,Sunny,Good,2000,1932721,98.86080912183324,No,Yes,78,1
14,P4716,Vehicle 55,2025-01-16,Model C,Toyota,Electric,Electric,Hyderabad,Authorized Dealer,36-45,Female,Business,Loan,No,Social Media,i,Sunny,Good,800,2464934,97.00417812670426,Yes,No,31,5
15,P6696,Vehicle 28,2025-01-09,Model D,Volkswagen,Hatchback,Hybrid,Delhi,Authorized Dealer,36-45,Female,Doctor,Loan,Yes,Radio,i,Foggy,Moderate,2000,1145794,115.42778261885857,Yes,No,89,6
16,P3402,Vehicle 70,2025-02-06,Model B,Volkswagen,SUV,Diesel,Pune,Third-party Dealer,46-60,Other,Teacher,Cash,Yes,Social Media,i,Rainy,Good,1500,512916,90.19031355585871,Yes,Yes,21,9
17,P2768,Vehicle 47,2024-09-21,Model D,Tata,Sedan,Petrol,Ahmedabad,Company Showroom,46-60,Female,Business,Credit Card,No,Social Media,i,Stormy,Moderate,800,1803387,110.5976873592393,No,Yes,58,2
18,P7059,Vehicle 78,2024-10-27,Model C,Tata,Hatchback,Petrol,Ahmedabad,Authorized Dealer,46-60,Male,Teacher,Credit Card,Yes,Online,i,Sunny,Moderate,2500,925922,90.00084371561283,Yes,No,73,3
19,P5977,Vehicle 82,2024-09-17,Model B,Volkswagen,Electric,Diesel,Kolkata,Authorized Dealer,36-45,Other,Business,Loan,No,TV,i,Cloudy,Moderate,800,2255427,111.85156229369237,Yes,Yes,31,7
20,P3137,Vehicle 33,2025-01-10,Model D,Toyota,Sedan,Hybrid,Mumbai,Third-party Dealer,46-60,Male,Engineer,Credit Card,Yes,Newspaper,i,Stormy,Poor,1200,523752,118.37036245832888,Yes,No,26,5
21,P7417,Vehicle 70,2024-12-20,Model C,Maruti,Truck,Electric,Bangalore,Company Showroom,36-45,Female,Teacher,Cash,No,Newspaper,i,Cloudy,Good,2000,1737804,106.9223146443066,Yes,No,40,1
22,P3293,Vehicle 37,2024-08-06,Model A,Honda,Electric,Diesel,Delhi,Authorized Dealer,60+,Other,Freelancer,Loan,Yes,Social Media,i,Cloudy,Moderate,1000,2249646,94.9798990610832,No,No,54,6
23,P5500,Vehicle 92,2024-08-31,Model B,Toyota,Electric,Electric,Hyderabad,Company Showroom,46-60,Other,Government Employee,Loan,Yes,Newspaper,i,Stormy,Moderate,1000,1112334,101.68540464648994,No,Yes,16,2
24,P9210,Vehicle 33,2024-06-15,Model B,Maruti,SUV,Petrol,Hyderabad,Authorized Dealer,18-25,Male,Government Employee,Loan,No,Online,i,Sunny,Good,1200,2149595,116.36411195940437,No,No,21,9
25,P9796,Vehicle 64,2024-11-11,Model A,Maruti,Sedan,Electric,Bangalore,Company Showroom,26-35,Female,Engineer,UPI,No,Radio,i,Sunny,Poor,800,580440,114.63164457861416,Yes,Yes,91,9
26,P5142,Vehicle 92,2024-06-27,Model D,Kia,SUV,Electric,Kolkata,Company Showroom,46-60,Female,Freelancer,Credit Card,Yes,Social Media,i,Sunny,Poor,1500,1619577,97.20663890540256,No,Yes,54,2
27,P3423,Vehicle 30,2024-11-14,Model E,Honda,Electric,Hybrid,Delhi,Third-party Dealer,60+,Other,Government Employee,Cash,Yes,Social Media,i,Cloudy,Good,1800,2374074,112.26168665233453,No,No,68,8
28,P8997,Vehicle 38,2024-06-19,Model D,Hyundai,Sedan,Diesel,Delhi,Authorized Dealer,26-35,Male,Freelancer,EMI,Yes,Social Media,i,Cloudy,Moderate,800,730022,94.79551330601296,No,No,69,1
29,P5170,Vehicle 74,2024-11-13,Model D,Maruti,Sedan,Hybrid,Pune,Authorized Dealer,60+,Male,Teacher,UPI,Yes,TV,i,Sunny,Moderate,1800,1470248,96.82591190717515,No,No,84,8
30,P7540,Vehicle 57,2024-08-16,Model A,Toyota,Hatchback,Diesel,Kolkata,Authorized Dealer,26-35,Female,Freelancer,EMI,No,Social Media,i,Cloudy,Good,800,2082991,94.0038855754641,No,Yes,49,5
31,P7632,Vehicle 53,2024-09-28,Model A,Ford,SUV,Hybrid,Kolkata,Third-party Dealer,60+,Male,Government Employee,Credit Card,No,Online,i,Sunny,Moderate,800,1934046,104.78205578546375,No,No,44,5
32,P4444,Vehicle 10,2024-06-16,Model C,Toyota,Electric,Electric,Delhi,Company Showroom,36-45,Male,Teacher,UPI,Yes,Newspaper,i,Sunny,Good,800,1419196,111.00355693859858,Yes,No,39,6
33,P9907,Vehicle 88,2025-01-09,Model D,Tata,Hybrid,Hybrid,Mumbai,Company Showroom,18-25,Female,Freelancer,EMI,Yes,Radio,i,Sunny,Good,1200,1175352,101.02115027266262,Yes,No,86,6
34,P3212,Vehicle 9,2024-10-13,Model C,Hyundai,SUV,Electric,Kolkata,Third-party Dealer,46-60,Male,Government Employee,Cash,Yes,Social Media,i,Sunny,Moderate,1000,455209,110.43234435826334,Yes,No,28,6
35,P4710,Vehicle 80,2024-11-22,Model A,Ford,SUV,Hybrid,Kolkata,Company Showroom,18-25,Male,Doctor,Credit Card,No,Online,i,Stormy,Good,800,1059035,94.62042171998463,Yes,No,65,1
36,P2883,Vehicle 49,2024-06-15,Model D,Ford,SUV,Hybrid,Pune,Company Showroom,46-60,Other,Doctor,Loan,No,Social Media,i,Stormy,Poor,2000,2167277,108.47785841218591,Yes,No,42,10
37,P3693,Vehicle 38,2024-09-01,Model D,Kia,SUV,Hybrid,Bangalore,Authorized Dealer,26-35,Female,Freelancer,Credit Card,No,Online,i,Rainy,Poor,2000,1944496,99.4732265439586,No,Yes,37,1
38,P8717,Vehicle 20,2024-10-21,Model C,Honda,Electric,Hybrid,Hyderabad,Company Showroom,60+,Other,Business,Loan,No,Newspaper,i,Rainy,Good,1200,1726414,97.98546453063604,No,No,45,4
39,P6463,Vehicle 84,2024-12-16,Model A,Toyota,Electric,Diesel,Pune,Third-party Dealer,36-45,Other,Teacher,EMI,Yes,Online,i,Rainy,Poor,2000,1161887,93.98844318503396,No,No,69,8
40,P8247,Vehicle 85,2024-07-22,Model C,Hyundai,SUV,Petrol,Kolkata,Company Showroom,26-35,Female,Doctor,EMI,No,Online,i,Foggy,Good,2000,2194582,110.99691201064425,Yes,No,71,2
41,P1157,Vehicle 71,2024-10-06,Model D,Toyota,Sedan,Hybrid,Mumbai,Third-party Dealer,18-25,Male,Teacher,EMI,No,Newspaper,i,Foggy,Moderate,2500,1620098,119.38201665011835,No,Yes,46,3
42,P4339,Vehicle 75,2024-11-18,Model C,Honda,Sedan,Electric,Bangalore,Third-party Dealer,36-45,Female,Government Employee,EMI,No,Newspaper,i,Foggy,Moderate,2000,1764668,108.95467655308295,Yes,Yes,100,4
43,P6864,Vehicle 64,2024-09-28,Model D,Hyundai,Sedan,Hybrid,Pune,Third-party Dealer,18-25,Other,Teacher,EMI,Yes,Newspaper,i,Sunny,Moderate,2500,1748679,102.02313007835836,No,No,71,2
44,P6562,Vehicle 43,2024-07-09,Model C,Ford,Sedan,Electric,Chennai,Third-party Dealer,36-45,Female,Teacher,Loan,No,Social Media,i,Cloudy,Moderate,1800,1454097,112.84138715802231,Yes,Yes,64,3
45,P9530,Vehicle 61,2024-07-14,Model D,Volkswagen,Electric,Electric,Ahmedabad,Company Showroom,60+,Other,Teacher,UPI,No,Newspaper,i,Sunny,Good,800,2459173,96.19268978833733,Yes,No,50,10
46,P7290,Vehicle 9,2024-10-02,Model C,Ford,Truck,Hybrid,Delhi,Company Showroom,26-35,Male,Engineer,EMI,Yes,Radio,i,Cloudy,Poor,1200,988661,106.61782019798179,Yes,No,57,5
47,P6108,Vehicle 27,2024-08-27,Model C,Hyundai,Electric,Hybrid,Mumbai,Authorized Dealer,46-60,Other,Teacher,EMI,Yes,Radio,i,Cloudy,Moderate,1200,777515,94.53039986121335,Yes,No,18,7
48,P6906,Vehicle 54,2024-10-02,Model C,Maruti,Electric,Electric,Kolkata,Company Showroom,18-25,Female,Government Employee,Loan,No,Social Media,i,Sunny,Poor,1800,385969,114.32217997876405,No,Yes,32,10
49,P2117,Vehicle 99,2024-07-07,Model E,Kia,Hybrid,Diesel,Mumbai,Company Showroom,60+,Other,Freelancer,Credit Card,No,Social Media,i,Rainy,Moderate,2500,1906105,92.7614680872786,No,No,18,5
50,P1374,Vehicle 94,2025-01-30,Model E,Tata,Electric,Electric,Pune,Authorized Dealer,26-35,Male,Engineer,Credit Card,No,Radio,i,Foggy,Good,1500,1057120,91.82227093189134,Yes,No,99,10
51,P8610,Vehicle 12,2024-11-09,Model D,Volkswagen,Hybrid,Electric,Mumbai,Company Showroom,36-45,Other,Doctor,EMI,Yes,Radio,i,Cloudy,Poor,1200,2474063,112.97343806858083,No,Yes,52,2
52,P3151,Vehicle 45,2024-08-27,Model D,Toyota,Truck,Hybrid,Mumbai,Company Showroom,60+,Male,Doctor,Credit Card,Yes,Online,i,Sunny,Good,1500,2008242,94.13717754349484,No,Yes,69,7
53,P5105,Vehicle 12,2024-08-29,Model B,Tata,Truck,Hybrid,Bangalore,Third-party Dealer,18-25,Other,Freelancer,Credit Card,No,TV,i,Foggy,Moderate,1000,1477780,113.91913026627209,Yes,No,13,9
54,P1768,Vehicle 78,2025-01-22,Model C,Ford,Hatchback,Hybrid,Ahmedabad,Third-party Dealer,36-45,Other,Freelancer,UPI,Yes,Social Media,i,Stormy,Good,1800,1859583,107.03600995865303,Yes,No,64,5
55,P3913,Vehicle 83,2024-08-16,Model A,Toyota,Sedan,Hybrid,Chennai,Company Showroom,60+,Male,Freelancer,Credit Card,Yes,TV,i,Sunny,Poor,1000,2058630,119.65952299448168,Yes,Yes,95,7
56,P8642,Vehicle 88,2024-09-19,Model A,Hyundai,Electric,Petrol,Kolkata,Company Showroom,60+,Male,Freelancer,EMI,Yes,Newspaper,i,Stormy,Good,1000,2166464,98.40670026829028,No,No,56,3
57,P9288,Vehicle 5,2024-11-11,Model E,Ford,Hybrid,Petrol,Pune,Third-party Dealer,18-25,Female,Teacher,EMI,No,Newspaper,i,Sunny,Poor,1500,685029,116.04797405474014,Yes,Yes,44,7
58,P6600,Vehicle 7,2024-09-03,Model D,Ford,Truck,Petrol,Kolkata,Authorized Dealer,46-60,Female,Teacher,Credit Card,Yes,TV,i,Rainy,Moderate,800,2435688,116.27460705440453,No,Yes,48,6
59,P5885,Vehicle 95,2025-02-05,Model A,Volkswagen,Electric,Diesel,Mumbai,Third-party Dealer,18-25,Female,Business,UPI,Yes,Newspaper,i,Stormy,Good,800,2059733,99.56384451284157,No,Yes,77,10
60,P4561,Vehicle 78,2024-10-26,Model D,Ford,SUV,Electric,Ahmedabad,Company Showroom,46-60,Female,Government Employee,UPI,Yes,TV,i,Rainy,Moderate,1800,1737801,107.97536146368012,Yes,No,56,5
61,P6710,Vehicle 71,2024-09-10,Model C,Hyundai,Electric,Petrol,Mumbai,Third-party Dealer,18-25,Female,Doctor,EMI,No,Newspaper,i,Stormy,Poor,1500,1013246,117.50033372200546,No,No,96,3
62,P2090,Vehicle 1,2024-08-30,Model E,Volkswagen,Hybrid,Diesel,Hyderabad,Company Showroom,60+,Other,Doctor,EMI,No,Online,i,Cloudy,Moderate,2500,635954,94.01193812806481,Yes,Yes,61,2
63,P7080,Vehicle 68,2024-12-31,Model A,Maruti,SUV,Petrol,Delhi,Third-party Dealer,18-25,Female,Government Employee,Loan,No,Online,i,Sunny,Poor,800,314073,93.94978501732587,Yes,No,89,6
64,P8345,Vehicle 97,2024-10-11,Model B,Ford,Truck,Hybrid,Chennai,Authorized Dealer,36-45,Other,Business,Cash,Yes,TV,i,Stormy,Moderate,1500,438183,106.2800235318228,Yes,Yes,32,3
65,P8798,Vehicle 50,2024-09-05,Model B,Volkswagen,Electric,Hybrid,Hyderabad,Company Showroom,26-35,Other,Government Employee,EMI,Yes,Newspaper,i,Rainy,Poor,2000,738433,108.12787473535437,No,Yes,89,1
66,P8987,Vehicle 26,2024-06-24,Model E,Volkswagen,Electric,Petrol,Pune,Authorized Dealer,26-35,Male,Doctor,UPI,No,TV,i,Stormy,Poor,1800,2002018,99.88604298078941,No,Yes,52,3
67,P5015,Vehicle 98,2025-01-17,Model A,Kia,Sedan,Diesel,Bangalore,Third-party Dealer,46-60,Female,Business,UPI,No,Newspaper,i,Cloudy,Moderate,2500,854368,115.7376388360271,No,No,45,3
68,P2188,Vehicle 58,2024-09-12,Model C,Kia,Electric,Diesel,Delhi,Third-party Dealer,26-35,Male,Government Employee,UPI,No,TV,i,Rainy,Moderate,2000,1834332,95.24389590800142,Yes,Yes,85,2
69,P8090,Vehicle 85,2025-01-12,Model A,Ford,Electric,Hybrid,Chennai,Authorized Dealer,18-25,Male,Freelancer,EMI,No,Newspaper,i,Foggy,Good,2500,2177584,96.21008084821297,No,No,28,6
70,P3285,Vehicle 59,2024-12-03,Model B,Tata,Hatchback,Diesel,Bangalore,Third-party Dealer,60+,Other,Business,Credit Card,Yes,TV,i,Stormy,Good,2500,1306199,96.53477314454288,No,No,52,7
71,P8410,Vehicle 56,2024-06-22,Model A,Kia,Truck,Petrol,Delhi,Third-party Dealer,46-60,Male,Teacher,Credit Card,Yes,Online,i,Cloudy,Good,1200,1390267,91.95074313198062,No,No,54,6
72,P6671,Vehicle 87,2025-01-08,Model C,Kia,Truck,Petrol,Pune,Third-party Dealer,36-45,Female,Business,Loan,Yes,TV,i,Sunny,Moderate,2000,2404056,99.46334593708961,No,Yes,98,1
73,P5539,Vehicle 58,2024-07-05,Model B,Toyota,Hatchback,Diesel,Mumbai,Company Showroom,18-25,Female,Doctor,Loan,Yes,TV,i,Stormy,Moderate,2500,1628292,110.02139134083944,Yes,No,69,4
74,P7347,Vehicle 40,2024-11-18,Model D,Kia,Hatchback,Petrol,Ahmedabad,Third-party Dealer,60+,Male,Engineer,Credit Card,Yes,Online,i,Cloudy,Poor,1500,1731517,107.82256820560308,Yes,No,64,5
75,P1502,Vehicle 56,2024-06-13,Model B,Tata,Sedan,Electric,Chennai,Third-party Dealer,26-35,Male,Government Employee,Loan,No,Online,i,Foggy,Good,2500,2270030,94.82838447359339,Yes,No,10,4
76,P3105,Vehicle 36,2025-02-02,Model D,Volkswagen,Hatchback,Diesel,Delhi,Company Showroom,36-45,Female,Engineer,EMI,No,TV,i,Rainy,Poor,2500,1461470,108.05889689290645,Yes,No,50,10
77,P8085,Vehicle 77,2024-11-08,Model C,Honda,SUV,Electric,Chennai,Third-party Dealer,18-25,Other,Government Employee,Cash,Yes,Radio,i,Rainy,Poor,2000,1096224,106.55353577691568,Yes,No,93,4
78,P5175,Vehicle 77,2024-11-07,Model B,Honda,Hatchback,Petrol,Chennai,Company Showroom,60+,Male,Engineer,Loan,Yes,Online,i,Cloudy,Poor,1200,1124796,97.64190620385168,Yes,No,57,1
79,P2700,Vehicle 71,2025-01-07,Model C,Volkswagen,Hybrid,Electric,Delhi,Third-party Dealer,26-35,Female,Doctor,EMI,Yes,Social Media,i,Cloudy,Poor,1500,1801514,105.11843542149091,No,No,46,8
80,P2366,Vehicle 39,2024-07-19,Model D,Volkswagen,Electric,Petrol,Bangalore,Company Showroom,18-25,Female,Doctor,UPI,No,Online,i,Sunny,Good,1800,2463218,112.66128164133053,Yes,No,14,2
81,P1644,Vehicle 14,2025-01-18,Model D,Kia,Hybrid,Hybrid,Kolkata,Authorized Dealer,60+,Other,Freelancer,Cash,Yes,Social Media,i,Sunny,Poor,2000,1059457,105.97377720570896,No,Yes,53,1
82,P6125,Vehicle 15,2024-08-07,Model A,Ford,SUV,Electric,Chennai,Third-party Dealer,46-60,Male,Government Employee,Credit Card,Yes,Online,i,Foggy,Good,800,1533647,119.45389318700737,Yes,Yes,63,7
83,P4982,Vehicle 34,2024-08-17,Model B,Maruti,Hybrid,Electric,Pune,Third-party Dealer,46-60,Female,Government Employee,Loan,Yes,Radio,i,Cloudy,Poor,1800,1266685,103.20754964336622,Yes,No,54,10
84,P8063,Vehicle 55,2024-10-18,Model C,Kia,Hatchback,Electric,Chennai,Company Showroom,36-45,Male,Government Employee,Loan,Yes,Online,i,Foggy,Moderate,2000,1672636,113.14213405460526,Yes,No,79,9
85,P5827,Vehicle 5,2024-09-19,Model A,Volkswagen,Hybrid,Petrol,Chennai,Authorized Dealer,18-25,Male,Freelancer,Loan,Yes,TV,i,Stormy,Poor,2500,2342496,116.9204017137188,No,Yes,58,5
86,P8051,Vehicle 48,2024-10-12,Model C,Hyundai,Electric,Diesel,Kolkata,Third-party Dealer,36-45,Female,Business,Loan,No,Social Media,i,Cloudy,Poor,1800,1230462,95.61210808492257,Yes,No,45,5
87,P7952,Vehicle 19,2024-11-17,Model D,Ford,Hybrid,Electric,Kolkata,Authorized Dealer,18-25,Other,Teacher,Credit Card,No,Social Media,i,Foggy,Poor,2500,774668,113.6406198783891,No,No,17,1
88,P7546,Vehicle 21,2024-10-05,Model A,Kia,Hybrid,Hybrid,Hyderabad,Authorized Dealer,46-60,Female,Teacher,Loan,No,Online,i,Foggy,Good,2000,935741,93.66613254259808,No,No,46,5
89,P2842,Vehicle 78,2024-09-11,Model E,Ford,Hybrid,Hybrid,Hyderabad,Authorized Dealer,26-35,Male,Engineer,EMI,Yes,TV,i,Foggy,Moderate,1500,2239318,90.76712142796876,No,Yes,24,3
90,P6362,Vehicle 52,2024-10-26,Model D,Maruti,Electric,Petrol,Bangalore,Company Showroom,18-25,Male,Freelancer,Loan,Yes,Newspaper,i,Sunny,Good,2000,1945118,106.82249445623904,Yes,Yes,71,3
91,P2126,Vehicle 79,2024-12-29,Model B,Kia,SUV,Diesel,Delhi,Authorized Dealer,46-60,Other,Engineer,Credit Card,No,Newspaper,i,Foggy,Poor,1000,604885,111.44541116994766,No,No,54,10
92,P7673,Vehicle 39,2024-09-28,Model B,Volkswagen,Truck,Petrol,Delhi,Third-party Dealer,18-25,Other,Freelancer,UPI,Yes,Radio,i,Foggy,Moderate,1200,1101770,105.74824727847061,No,No,23,2
93,P6065,Vehicle 41,2024-09-03,Model C,Volkswagen,Sedan,Petrol,Hyderabad,Company Showroom,46-60,Female,Engineer,EMI,No,Online,i,Rainy,Poor,2500,1958825,94.41274625080844,Yes,Yes,15,1
94,P6521,Vehicle 5,2024-07-17,Model A,Maruti,Truck,Petrol,Pune,Third-party Dealer,36-45,Male,Freelancer,Cash,No,Online,i,Cloudy,Poor,1200,1473136,91.6715084216616,Yes,Yes,32,5
95,P6967,Vehicle 65,2024-09-30,Model E,Maruti,Electric,Petrol,Ahmedabad,Third-party Dealer,36-45,Male,Teacher,EMI,No,Social Media,i,Rainy,Good,800,1074209,96.56143337241922,No,Yes,96,8
96,P6448,Vehicle 92,2024-06-24,Model B,Honda,SUV,Diesel,Chennai,Third-party Dealer,60+,Male,Teacher,Cash,No,Newspaper,i,Stormy,Good,1500,2110517,111.4674425102699,No,No,72,10
97,P2946,Vehicle 40,2024-06-16,Model E,Volkswagen,Hybrid,Electric,Bangalore,Authorized Dealer,60+,Female,Freelancer,EMI,No,Radio,i,Rainy,Poor,1200,1961423,97.0414432318492,No,No,65,2
98,P7815,Vehicle 98,2024-09-17,Model B,Hyundai,Hybrid,Electric,Delhi,Third-party Dealer,46-60,Female,Government Employee,Credit Card,Yes,Newspaper,i,Stormy,Poor,2500,1009092,113.15877594930186,No,No,24,4
99,P4787,Vehicle 53,2024-09-26,Model C,Maruti,Truck,Hybrid,Bangalore,Company Showroom,26-35,Female,Business,Loan,No,Radio,i,Foggy,Moderate,1800,1623580,99.57633346065475,Yes,Yes,19,7
100,P6495,Vehicle 75,2024-07-18,Model E,Tata,Electric,Petrol,Ahmedabad,Authorized Dealer,60+,Male,Government Employee,EMI,No,Newspaper,i,Rainy,Poor,800,1067264,106.8231681964516,Yes,Yes,48,5
101,P5450,Vehicle 89,2024-07-09,Model B,Toyota,Sedan,Petrol,Mumbai,Authorized Dealer,46-60,Female,Teacher,UPI,Yes,Online,i,Foggy,Poor,1200,1166627,103.7666896549519,No,Yes,20,7
102,P1003,Vehicle 89,2024-11-07,Model A,Hyundai,Truck,Electric,Delhi,Company Showroom,60+,Male,Doctor,UPI,No,Newspaper,i,Cloudy,Poor,1500,2245536,94.93442368970818,No,No,37,4
103,P9648,Vehicle 62,2024-08-31,Model E,Volkswagen,SUV,Electric,Kolkata,Third-party Dealer,46-60,Other,Teacher,Loan,No,Online,i,Foggy,Poor,1000,1654427,106.03338532708078,Yes,Yes,59,7
104,P3905,Vehicle 18,2024-10-07,Model D,Honda,Truck,Hybrid,Pune,Company Showroom,46-60,Male,Doctor,EMI,No,Online,i,Rainy,Poor,1800,1683741,115.88665982468285,No,No,12,9
105,P7923,Vehicle 47,2024-11-08,Model D,Ford,Sedan,Electric,Kolkata,Authorized Dealer,26-35,Female,Government Employee,UPI,No,Online,i,Cloudy,Moderate,1000,2318978,104.5945819288223,Yes,No,92,9
106,P3912,Vehicle 8,2025-01-24,Model C,Toyota,Hybrid,Hybrid,Delhi,Third-party Dealer,46-60,Male,Engineer,UPI,Yes,Online,i,Foggy,Good,1800,1615298,96.01902941798463,No,Yes,36,10
107,P2586,Vehicle 94,2024-09-01,Model B,Volkswagen,Hatchback,Diesel,Delhi,Authorized Dealer,46-60,Female,Engineer,Cash,Yes,Social Media,i,Rainy,Good,1800,1028791,115.17199789279556,No,Yes,38,4
108,P2672,Vehicle 86,2024-08-15,Model E,Kia,Hybrid,Diesel,Ahmedabad,Company Showroom,46-60,Female,Engineer,EMI,No,Social Media,i,Foggy,Poor,1500,1345553,113.11750124878017,Yes,Yes,68,3
109,P6071,Vehicle 49,2024-08-18,Model B,Toyota,Hybrid,Hybrid,Hyderabad,Third-party Dealer,60+,Other,Engineer,UPI,No,Social Media,i,Stormy,Good,800,1532353,94.63426062475976,Yes,No,54,5
110,P4139,Vehicle 43,2024-10-17,Model E,Honda,Hybrid,Electric,Mumbai,Authorized Dealer,60+,Female,Engineer,Loan,Yes,Newspaper,i,Sunny,Poor,1500,721457,95.44555285149455,Yes,Yes,39,10
111,P5765,Vehicle 41,2024-07-19,Model C,Hyundai,Truck,Diesel,Kolkata,Authorized Dealer,18-25,Female,Government Employee,Loan,Yes,TV,i,Foggy,Poor,2500,2498748,108.6077159892377,Yes,No,70,6
112,P9621,Vehicle 57,2024-08-06,Model B,Maruti,Hybrid,Petrol,Kolkata,Authorized Dealer,46-60,Male,Doctor,Credit Card,Yes,Radio,i,Stormy,Good,800,1796337,93.40960370785983,Yes,No,58,7
113,P5257,Vehicle 99,2025-01-12,Model E,Ford,Electric,Hybrid,Pune,Third-party Dealer,26-35,Female,Freelancer,UPI,No,Newspaper,i,Rainy,Good,800,1273855,113.4518624659234,Yes,No,23,7
114,P9312,Vehicle 92,2024-09-02,Model A,Hyundai,Sedan,Hybrid,Mumbai,Third-party Dealer,60+,Male,Engineer,Cash,Yes,Newspaper,i,Stormy,Poor,1500,695863,109.93876361832717,No,Yes,68,3
115,P8882,Vehicle 72,2024-06-26,Model D,Maruti,SUV,Petrol,Bangalore,Company Showroom,60+,Male,Freelancer,Loan,No,Social Media,i,Rainy,Moderate,800,405266,92.05144438243649,No,Yes,42,3
116,P3851,Vehicle 2,2024-07-30,Model B,Honda,Truck,Hybrid,Delhi,Company Showroom,60+,Male,Teacher,Cash,Yes,Radio,i,Rainy,Good,2500,2181313,97.74400722308162,No,Yes,92,5
117,P8279,Vehicle 56,2025-01-13,Model B,Tata,Hybrid,Diesel,Kolkata,Authorized Dealer,36-45,Female,Business,UPI,No,TV,i,Sunny,Moderate,800,1159786,99.61741974991183,No,No,62,10
118,P5083,Vehicle 56,2024-11-27,Model B,Toyota,Truck,Petrol,Kolkata,Company Showroom,46-60,Female,Freelancer,Cash,Yes,Newspaper,i,Rainy,Good,1500,1357875,90.3137248641183,No,No,64,5
119,P6266,Vehicle 58,2024-12-04,Model D,Tata,Sedan,Electric,Kolkata,Company Showroom,46-60,Male,Engineer,Loan,No,Social Media,i,Foggy,Good,2500,1190751,107.80622610229943,No,Yes,56,6
120,P9117,Vehicle 17,2024-12-01,Model D,Volkswagen,Electric,Diesel,Delhi,Authorized Dealer,46-60,Other,Business,Loan,No,Newspaper,i,Stormy,Moderate,2500,1881058,91.24369457191561,No,No,61,7
121,P3514,Vehicle 11,2024-09-01,Model D,Toyota,Electric,Petrol,Hyderabad,Third-party Dealer,60+,Female,Doctor,Loan,No,Newspaper,i,Cloudy,Poor,1000,2007366,105.04206284496667,Yes,Yes,81,4
122,P3637,Vehicle 37,2024-10-23,Model C,Volkswagen,Electric,Petrol,Pune,Authorized Dealer,18-25,Female,Business,EMI,Yes,Radio,i,Sunny,Good,1000,2253168,103.82067171610511,Yes,Yes,68,9
123,P9990,Vehicle 4,2025-01-12,Model A,Tata,Hatchback,Electric,Bangalore,Company Showroom,18-25,Other,Freelancer,Loan,Yes,Social Media,i,Cloudy,Moderate,2000,1089317,99.91620426080812,No,Yes,44,4
124,P5053,Vehicle 11,2024-09-27,Model C,Kia,Electric,Diesel,Kolkata,Authorized Dealer,60+,Female,Doctor,UPI,No,Newspaper,i,Stormy,Good,800,813317,92.55693218897557,Yes,No,78,6
125,P6115,Vehicle 61,2024-09-24,Model C,Toyota,Truck,Hybrid,Kolkata,Company Showroom,18-25,Other,Teacher,Cash,No,Newspaper,i,Stormy,Good,1000,2107634,117.87695734301965,Yes,Yes,92,4
126,P3555,Vehicle 35,2024-08-01,Model A,Volkswagen,Hatchback,Petrol,Ahmedabad,Third-party Dealer,18-25,Male,Teacher,EMI,No,Newspaper,i,Foggy,Moderate,1500,1175093,109.37198376491509,No,No,52,5
127,P4087,Vehicle 66,2024-09-27,Model A,Honda,Sedan,Electric,Ahmedabad,Third-party Dealer,46-60,Other,Government Employee,Loan,Yes,TV,i,Sunny,Good,1500,2086998,104.4327042496314,No,Yes,21,7
128,P3992,Vehicle 81,2024-11-24,Model A,Hyundai,Electric,Hybrid,Mumbai,Company Showroom,60+,Other,Business,Credit Card,No,Newspaper,i,Foggy,Moderate,2000,1815762,90.99614975969041,Yes,No,10,9
129,P6743,Vehicle 20,2024-10-10,Model E,Ford,Truck,Petrol,Hyderabad,Third-party Dealer,26-35,Female,Engineer,EMI,Yes,Social Media,i,Rainy,Poor,2000,2364194,113.54756803049249,No,No,11,7
130,P7561,Vehicle 76,2024-08-06,Model C,Toyota,Electric,Hybrid,Chennai,Company Showroom,36-45,Other,Business,Loan,No,TV,i,Cloudy,Good,1200,867183,104.1223414431233,Yes,No,26,7
131,P9796,Vehicle 26,2024-08-03,Model B,Hyundai,SUV,Electric,Mumbai,Authorized Dealer,36-45,Other,Freelancer,UPI,No,TV,i,Cloudy,Good,1800,1567286,104.80425820321499,No,No,91,1
132,P4071,Vehicle 100,2025-01-04,Model E,Volkswagen,Truck,Electric,Mumbai,Authorized Dealer,60+,Female,Teacher,UPI,No,Social Media,i,Stormy,Moderate,2500,1813812,92.61707469578059,No,No,24,7
133,P8065,Vehicle 37,2024-12-12,Model B,Tata,Hatchback,Petrol,Kolkata,Third-party Dealer,60+,Male,Freelancer,UPI,Yes,Newspaper,i,Sunny,Good,1500,1977987,107.98088786115487,No,Yes,24,9
134,P1941,Vehicle 87,2024-08-26,Model B,Toyota,Electric,Diesel,Pune,Company Showroom,36-45,Female,Doctor,Cash,Yes,Online,i,Rainy,Moderate,800,318980,96.95965819915439,Yes,No,70,5
135,P8064,Vehicle 45,2024-08-13,Model C,Volkswagen,Hybrid,Hybrid,Delhi,Authorized Dealer,46-60,Female,Engineer,Cash,Yes,TV,i,Cloudy,Poor,1000,958051,106.51337944068828,Yes,Yes,99,8
136,P7985,Vehicle 14,2025-01-30,Model B,Maruti,Electric,Diesel,Hyderabad,Third-party Dealer,60+,Other,Government Employee,UPI,No,Social Media,i,Sunny,Poor,1200,687562,99.4029344395997,No,No,95,3
137,P3312,Vehicle 53,2025-02-01,Model D,Tata,Truck,Electric,Pune,Company Showroom,18-25,Other,Doctor,Credit Card,Yes,TV,i,Stormy,Good,2500,2181642,91.92956184077345,No,No,91,1
138,P5255,Vehicle 30,2024-07-30,Model D,Hyundai,Hybrid,Hybrid,Hyderabad,Authorized Dealer,18-25,Female,Engineer,UPI,No,Newspaper,i,Sunny,Good,1000,884620,105.49977351682942,Yes,No,77,1
139,P5739,Vehicle 85,2024-11-04,Model E,Toyota,Hybrid,Diesel,Mumbai,Authorized Dealer,18-25,Male,Business,Credit Card,Yes,Online,i,Rainy,Moderate,1500,710688,94.40875618672713,No,Yes,11,6
140,P5358,Vehicle 42,2024-08-12,Model B,Volkswagen,Truck,Petrol,Delhi,Company Showroom,26-35,Female,Doctor,EMI,Yes,Radio,i,Sunny,Poor,1500,1241651,114.95714857116226,Yes,Yes,99,7
141,P8741,Vehicle 29,2025-01-09,Model B,Kia,Electric,Hybrid,Bangalore,Company Showroom,36-45,Female,Engineer,UPI,No,Newspaper,i,Cloudy,Moderate,1800,330266,107.35559784424147,No,No,32,2
142,P8589,Vehicle 100,2024-06-12,Model E,Volkswagen,Electric,Hybrid,Bangalore,Authorized Dealer,60+,Other,Government Employee,UPI,Yes,Newspaper,i,Foggy,Good,2500,1979423,107.0612580698994,Yes,Yes,55,3
143,P8168,Vehicle 67,2024-09-08,Model C,Tata,SUV,Diesel,Ahmedabad,Authorized Dealer,36-45,Female,Government Employee,UPI,No,Newspaper,i,Stormy,Good,800,2481905,98.2075768661727,Yes,Yes,73,7
144,P2060,Vehicle 44,2025-01-11,Model E,Toyota,Electric,Diesel,Ahmedabad,Third-party Dealer,60+,Female,Government Employee,Cash,No,Online,i,Cloudy,Moderate,2000,1199724,110.23841643623696,No,Yes,94,5
145,P9312,Vehicle 96,2024-12-03,Model E,Honda,Hybrid,Diesel,Pune,Third-party Dealer,18-25,Male,Engineer,EMI,Yes,Newspaper,i,Sunny,Moderate,1000,1321826,103.77729248793469,No,No,43,5
146,P7041,Vehicle 26,2024-07-27,Model B,Volkswagen,Electric,Diesel,Bangalore,Third-party Dealer,26-35,Other,Engineer,Credit Card,Yes,Newspaper,i,Rainy,Poor,1500,407657,107.55385207197287,No,Yes,24,2
147,P3981,Vehicle 64,2024-09-24,Model D,Tata,Electric,Petrol,Chennai,Authorized Dealer,46-60,Other,Government Employee,Cash,No,Social Media,i,Foggy,Moderate,800,2397034,105.33641010603179,No,Yes,13,10
148,P5231,Vehicle 59,2025-01-27,Model C,Honda,Hybrid,Hybrid,Pune,Authorized Dealer,26-35,Female,Engineer,Credit Card,Yes,Newspaper,i,Sunny,Good,2500,1685201,106.33373866979909,Yes,No,45,8
149,P6748,Vehicle 82,2025-01-02,Model E,Volkswagen,Truck,Petrol,Mumbai,Third-party Dealer,46-60,Female,Government Employee,UPI,No,Social Media,i,Foggy,Moderate,2500,2094598,105.26800590174331,Yes,Yes,70,1
150,P3723,Vehicle 42,2024-12-28,Model E,Toyota,Truck,Electric,Hyderabad,Company Showroom,60+,Other,Doctor,Loan,No,Online,i,Cloudy,Good,800,1909000,114.75503845806682,Yes,Yes,22,9
151,P6890,Vehicle 48,2024-09-12,Model A,Tata,Hybrid,Diesel,Bangalore,Company Showroom,60+,Female,Engineer,Cash,Yes,TV,i,Sunny,Moderate,800,611703,99.9823747495264,No,Yes,11,6
152,P5644,Vehicle 88,2024-10-19,Model A,Maruti,Hybrid,Diesel,Bangalore,Company Showroom,36-45,Other,Government Employee,Credit Card,Yes,Online,i,Cloudy,Good,1000,469546,113.73984770630152,Yes,No,42,9
153,P8565,Vehicle 14,2024-10-08,Model E,Ford,Electric,Hybrid,Delhi,Company Showroom,26-35,Other,Freelancer,Cash,No,TV,i,Sunny,Moderate,1000,2342732,96.38059175471733,Yes,No,77,4
154,P7352,Vehicle 13,2024-08-31,Model B,Maruti,Hybrid,Hybrid,Chennai,Company Showroom,60+,Other,Doctor,Loan,Yes,Online,i,Rainy,Moderate,1500,910597,102.00035724238182,No,Yes,65,1
155,P1150,Vehicle 90,2025-01-26,Model A,Honda,SUV,Electric,Ahmedabad,Company Showroom,60+,Male,Freelancer,Loan,No,Online,i,Cloudy,Moderate,1000,1067941,102.77877465893252,Yes,No,11,7
156,P2509,Vehicle 45,2024-06-17,Model A,Hyundai,Hybrid,Petrol,Delhi,Third-party Dealer,46-60,Female,Government Employee,Loan,No,TV,i,Stormy,Moderate,1500,371953,117.22873443117457,Yes,No,30,3
157,P5827,Vehicle 51,2024-11-28,Model B,Honda,Electric,Diesel,Mumbai,Third-party Dealer,26-35,Male,Doctor,UPI,Yes,Social Media,i,Sunny,Poor,2500,1012837,112.28901359094681,Yes,No,63,9
158,P8493,Vehicle 79,2024-07-19,Model C,Maruti,Sedan,Hybrid,Delhi,Third-party Dealer,60+,Male,Freelancer,UPI,Yes,TV,i,Sunny,Moderate,2000,1812989,118.9794850756618,No,Yes,33,7
159,P5602,Vehicle 32,2024-06-26,Model D,Ford,SUV,Diesel,Ahmedabad,Third-party Dealer,60+,Other,Freelancer,EMI,No,Social Media,i,Sunny,Poor,1200,2492494,103.56471718443787,No,Yes,53,4
160,P1875,Vehicle 69,2024-10-27,Model E,Toyota,SUV,Petrol,Mumbai,Third-party Dealer,36-45,Other,Teacher,Loan,Yes,TV,i,Stormy,Good,2500,659408,97.95265758243816,No,No,80,7
161,P1576,Vehicle 88,2025-01-05,Model A,Toyota,Hybrid,Diesel,Ahmedabad,Third-party Dealer,18-25,Other,Business,Credit Card,Yes,Radio,i,Rainy,Good,1500,1601255,103.03505213316824,No,Yes,20,2
162,P2971,Vehicle 56,2024-12-21,Model D,Toyota,Hybrid,Petrol,Hyderabad,Third-party Dealer,60+,Female,Teacher,EMI,Yes,Online,i,Stormy,Poor,2500,2135471,101.57075953562688,No,Yes,66,8
163,P2098,Vehicle 69,2024-07-20,Model E,Maruti,Truck,Diesel,Delhi,Third-party Dealer,36-45,Female,Teacher,EMI,No,Newspaper,i,Sunny,Poor,1500,930308,111.1430327466145,No,Yes,58,8
164,P6753,Vehicle 10,2025-01-20,Model A,Kia,Hybrid,Electric,Chennai,Authorized Dealer,18-25,Other,Engineer,EMI,Yes,Newspaper,i,Stormy,Poor,1500,2233800,117.51057943613657,Yes,No,91,6
165,P4478,Vehicle 62,2024-12-01,Model B,Ford,Electric,Petrol,Ahmedabad,Authorized Dealer,60+,Male,Business,Loan,No,Social Media,i,Cloudy,Poor,1200,1027845,98.4510757325852,No,Yes,41,3
166,P2599,Vehicle 53,2024-10-10,Model B,Honda,Sedan,Diesel,Bangalore,Company Showroom,26-35,Male,Teacher,EMI,Yes,Social Media,i,Foggy,Good,1200,766512,92.2732712551909,Yes,Yes,80,9
167,P1604,Vehicle 79,2024-11-04,Model C,Kia,Sedan,Diesel,Chennai,Authorized Dealer,26-35,Female,Doctor,Cash,Yes,TV,i,Sunny,Moderate,1500,326497,91.62877184880769,Yes,Yes,34,8
168,P3096,Vehicle 100,2024-09-13,Model C,Honda,Truck,Electric,Mumbai,Third-party Dealer,26-35,Male,Doctor,Loan,Yes,TV,i,Stormy,Moderate,1200,1341375,112.01509759551998,No,No,100,9
169,P4988,Vehicle 63,2024-12-07,Model E,Toyota,Truck,Petrol,Ahmedabad,Authorized Dealer,46-60,Other,Engineer,UPI,No,TV,i,Rainy,Poor,1000,706426,109.19837202050512,Yes,No,38,8
170,P7329,Vehicle 5,2024-06-26,Model A,Toyota,Hybrid,Hybrid,Bangalore,Authorized Dealer,60+,Female,Government Employee,Credit Card,Yes,Radio,i,Stormy,Poor,1800,1282854,103.10360736017412,No,No,98,9
171,P7841,Vehicle 24,2024-11-18,Model D,Kia,Hybrid,Diesel,Hyderabad,Company Showroom,26-35,Other,Freelancer,UPI,No,Newspaper,i,Stormy,Moderate,1200,1570770,106.00931236068999,Yes,No,22,9
172,P1464,Vehicle 39,2024-12-19,Model D,Ford,Hybrid,Hybrid,Hyderabad,Authorized Dealer,18-25,Female,Engineer,Credit Card,No,Radio,i,Sunny,Moderate,1200,1237287,111.3870126985414,Yes,Yes,67,9
173,P9400,Vehicle 77,2024-12-19,Model E,Ford,Sedan,Electric,Mumbai,Company Showroom,26-35,Female,Freelancer,UPI,No,Social Media,i,Cloudy,Moderate,800,893663,94.36558625620584,No,No,58,2
174,P7229,Vehicle 77,2024-11-17,Model E,Ford,Sedan,Hybrid,Hyderabad,Authorized Dealer,46-60,Female,Engineer,UPI,Yes,Newspaper,i,Foggy,Good,1000,2135188,115.25030355044535,No,No,99,5
175,P8007,Vehicle 34,2025-02-03,Model B,Honda,Sedan,Hybrid,Mumbai,Authorized Dealer,26-35,Other,Teacher,Loan,No,Newspaper,i,Rainy,Good,1800,646960,116.44200358418666,No,No,15,7
176,P7210,Vehicle 57,2024-06-12,Model A,Honda,SUV,Petrol,Mumbai,Company Showroom,18-25,Other,Doctor,Cash,No,Newspaper,i,Cloudy,Good,1500,2483618,107.4550912505557,Yes,No,91,9
177,P1080,Vehicle 82,2024-11-15,Model C,Maruti,Truck,Hybrid,Ahmedabad,Third-party Dealer,46-60,Male,Teacher,UPI,No,Newspaper,i,Foggy,Moderate,1000,950381,99.45019958924345,Yes,No,71,7
178,P2499,Vehicle 38,2025-02-06,Model C,Tata,Hatchback,Electric,Chennai,Company Showroom,46-60,Other,Freelancer,Loan,Yes,TV,i,Sunny,Moderate,1500,558820,105.17310579498512,No,Yes,60,7
179,P1374,Vehicle 93,2025-01-29,Model B,Tata,Electric,Hybrid,Chennai,Third-party Dealer,60+,Female,Freelancer,Credit Card,No,Radio,i,Rainy,Poor,1000,1437102,116.12824620467333,Yes,Yes,60,9
180,P7739,Vehicle 65,2024-08-24,Model C,Tata,Truck,Electric,Pune,Company Showroom,18-25,Male,Business,Loan,No,TV,i,Stormy,Good,2500,1906779,118.08611370097103,Yes,Yes,33,5
181,P7037,Vehicle 41,2024-12-18,Model B,Volkswagen,Truck,Hybrid,Kolkata,Authorized Dealer,60+,Male,Engineer,Cash,No,Social Media,i,Stormy,Poor,1500,996632,100.47297354178522,Yes,No,98,9
182,P2529,Vehicle 99,2024-09-07,Model D,Maruti,Sedan,Hybrid,Ahmedabad,Company Showroom,18-25,Other,Teacher,Loan,No,Newspaper,i,Cloudy,Poor,1500,2267200,98.64400909229259,Yes,Yes,40,3
183,P1659,Vehicle 7,2024-07-23,Model D,Toyota,Hatchback,Hybrid,Hyderabad,Company Showroom,26-35,Male,Doctor,UPI,No,Newspaper,i,Stormy,Moderate,1500,2207262,115.077077569913,Yes,No,35,2
184,P5609,Vehicle 11,2024-12-23,Model C,Toyota,Hybrid,Diesel,Mumbai,Authorized Dealer,46-60,Other,Business,EMI,Yes,TV,i,Foggy,Moderate,1500,1296436,103.49208895931537,No,Yes,62,3
185,P5528,Vehicle 65,2024-12-12,Model B,Toyota,Hatchback,Electric,Hyderabad,Authorized Dealer,26-35,Male,Freelancer,Cash,Yes,Social Media,i,Stormy,Moderate,1000,1438937,97.62637119364256,Yes,Yes,88,6
186,P5704,Vehicle 73,2024-08-05,Model A,Kia,SUV,Diesel,Delhi,Third-party Dealer,36-45,Male,Engineer,EMI,Yes,Newspaper,i,Stormy,Good,2000,383280,118.59626699720579,No,No,57,1
187,P9766,Vehicle 1,2024-06-21,Model E,Ford,Sedan,Hybrid,Delhi,Third-party Dealer,46-60,Other,Freelancer,EMI,Yes,Social Media,i,Rainy,Good,1000,2021073,113.49434381391862,No,No,15,4
188,P4600,Vehicle 3,2025-01-09,Model A,Volkswagen,Sedan,Electric,Hyderabad,Company Showroom,60+,Other,Freelancer,UPI,No,Radio,i,Foggy,Poor,1800,2134206,100.7233631752642,No,No,53,7
189,P4706,Vehicle 60,2024-09-16,Model A,Hyundai,Sedan,Electric,Kolkata,Third-party Dealer,18-25,Male,Government Employee,Credit Card,No,Newspaper,i,Stormy,Good,1200,1008204,98.47671446847534,No,No,40,7
190,P3686,Vehicle 6,2024-08-09,Model D,Kia,Truck,Hybrid,Mumbai,Authorized Dealer,36-45,Male,Business,UPI,Yes,Online,i,Stormy,Moderate,800,399444,118.0907545491819,No,Yes,52,3
191,P7993,Vehicle 13,2025-01-31,Model A,Hyundai,Sedan,Petrol,Kolkata,Authorized Dealer,46-60,Male,Engineer,Loan,Yes,Radio,i,Stormy,Good,800,574674,93.81546705631654,Yes,No,58,4
192,P9292,Vehicle 51,2024-08-19,Model B,Ford,SUV,Diesel,Pune,Company Showroom,46-60,Female,Business,UPI,Yes,Social Media,i,Stormy,Poor,1500,1745097,92.3645209930534,No,Yes,74,2
193,P8944,Vehicle 30,2024-07-11,Model B,Hyundai,Electric,Hybrid,Chennai,Third-party Dealer,18-25,Other,Teacher,Cash,Yes,Newspaper,i,Cloudy,Poor,2500,1135129,103.40418237413441,Yes,No,60,4
194,P2454,Vehicle 43,2024-10-17,Model B,Honda,Sedan,Petrol,Hyderabad,Authorized Dealer,60+,Other,Doctor,Credit Card,No,Social Media,i,Rainy,Moderate,2000,2038522,118.94310655939891,Yes,Yes,56,8
195,P2347,Vehicle 25,2024-12-22,Model E,Maruti,Truck,Hybrid,Hyderabad,Company Showroom,46-60,Other,Doctor,EMI,No,Online,i,Sunny,Good,800,1762716,94.46164533709094,Yes,No,75,4
196,P4896,Vehicle 93,2024-12-17,Model A,Kia,Hybrid,Petrol,Delhi,Authorized Dealer,60+,Male,Doctor,EMI,Yes,Radio,i,Foggy,Moderate,2500,600389,111.42457801814774,No,Yes,84,10
197,P6579,Vehicle 7,2024-11-22,Model A,Kia,Hatchback,Diesel,Hyderabad,Authorized Dealer,46-60,Other,Freelancer,EMI,Yes,TV,i,Stormy,Moderate,1000,1782958,105.9911754811377,No,Yes,46,1
198,P5969,Vehicle 9,2025-01-19,Model D,Volkswagen,SUV,Diesel,Hyderabad,Company Showroom,26-35,Male,Freelancer,Cash,No,Radio,i,Stormy,Moderate,2000,1348344,106.48646476562163,Yes,Yes,50,9
199,P9063,Vehicle 60,2024-09-20,Model C,Tata,Hatchback,Diesel,Delhi,Third-party Dealer,36-45,Male,Business,Cash,No,Radio,i,Sunny,Good,1000,2020230,92.4652044338895,No,Yes,61,3
200,P3912,Vehicle 66,2024-06-28,Model C,Ford,Truck,Hybrid,Pune,Company Showroom,36-45,Male,Freelancer,EMI,No,TV,i,Sunny,Poor,800,438950,113.93603650308182,Yes,No,44,4
201,P8769,Vehicle 94,2024-07-31,Model A,Ford,Hatchback,Diesel,Delhi,Third-party Dealer,60+,Female,Government Employee,EMI,Yes,TV,i,Stormy,Good,1200,1963814,110.38880539783024,No,No,76,9
202,P8040,Vehicle 16,2024-11-07,Model A,Tata,Electric,Hybrid,Hyderabad,Third-party Dealer,18-25,Male,Freelancer,Loan,Yes,Newspaper,i,Cloudy,Moderate,2000,349774,90.95583757786771,Yes,Yes,54,3
203,P2746,Vehicle 49,2025-01-13,Model A,Hyundai,Truck,Hybrid,Chennai,Authorized Dealer,18-25,Female,Doctor,Loan,No,Social Media,i,Rainy,Good,2500,1171283,97.18921455906806,No,No,46,3
204,P2101,Vehicle 83,2024-10-23,Model D,Kia,Hatchback,Hybrid,Hyderabad,Third-party Dealer,18-25,Female,Government Employee,EMI,No,TV,i,Cloudy,Moderate,1500,485227,109.84120624406329,No,Yes,30,6
205,P6331,Vehicle 49,2024-11-03,Model D,Tata,Truck,Petrol,Pune,Company Showroom,26-35,Male,Business,Credit Card,No,Online,i,Rainy,Good,2000,606123,104.92421234441674,Yes,No,19,5
206,P2712,Vehicle 13,2024-08-11,Model E,Maruti,Hybrid,Diesel,Kolkata,Authorized Dealer,18-25,Female,Doctor,UPI,No,TV,i,Rainy,Moderate,1500,2231015,101.81378163589659,No,Yes,55,4
207,P6888,Vehicle 13,2024-08-20,Model D,Kia,Hatchback,Hybrid,Chennai,Third-party Dealer,36-45,Female,Business,EMI,No,Social Media,i,Cloudy,Poor,800,2023031,108.7689727694138,Yes,No,88,10
208,P6578,Vehicle 60,2024-11-12,Model E,Honda,Electric,Electric,Delhi,Authorized Dealer,26-35,Other,Business,Loan,Yes,TV,i,Rainy,Moderate,800,473163,119.67205482816523,No,Yes,86,5
209,P7676,Vehicle 1,2025-01-17,Model E,Tata,Hatchback,Electric,Kolkata,Company Showroom,36-45,Male,Engineer,Credit Card,Yes,Radio,i,Foggy,Good,2500,1871961,98.8013781643277,No,No,94,4
210,P3489,Vehicle 41,2024-06-12,Model D,Honda,Truck,Diesel,Delhi,Third-party Dealer,36-45,Other,Engineer,EMI,No,Radio,i,Foggy,Poor,1800,586456,110.95311314007513,Yes,No,40,4
211,P4435,Vehicle 78,2025-01-13,Model E,Volkswagen,Hybrid,Petrol,Hyderabad,Company Showroom,18-25,Male,Doctor,UPI,Yes,TV,i,Sunny,Good,1500,2251042,91.6054472115433,No,No,39,7
212,P1019,Vehicle 78,2024-08-02,Model C,Kia,Hybrid,Electric,Chennai,Company Showroom,18-25,Female,Business,EMI,Yes,Newspaper,i,Cloudy,Poor,1800,2488325,111.55726537289378,No,Yes,92,8
213,P5371,Vehicle 11,2024-07-23,Model D,Maruti,SUV,Hybrid,Mumbai,Authorized Dealer,46-60,Male,Doctor,Loan,Yes,Social Media,i,Stormy,Good,800,883513,110.17404546031085,No,No,64,8
214,P9323,Vehicle 99,2024-12-09,Model B,Maruti,Electric,Diesel,Hyderabad,Company Showroom,26-35,Female,Doctor,Credit Card,Yes,Newspaper,i,Rainy,Poor,2500,2007134,99.62204020754503,No,No,64,7
215,P2305,Vehicle 91,2024-10-18,Model A,Toyota,Hybrid,Hybrid,Kolkata,Third-party Dealer,18-25,Other,Engineer,UPI,No,Online,i,Cloudy,Moderate,800,1097790,103.2283649959366,No,Yes,14,4
216,P4123,Vehicle 30,2024-08-08,Model A,Volkswagen,Truck,Petrol,Hyderabad,Authorized Dealer,60+,Male,Government Employee,UPI,No,TV,i,Rainy,Moderate,1800,704691,94.18983014629565,No,No,40,3
217,P8021,Vehicle 12,2024-06-19,Model B,Ford,SUV,Petrol,Pune,Authorized Dealer,60+,Other,Freelancer,Cash,Yes,TV,i,Foggy,Moderate,800,1340889,116.87068952430421,No,No,38,7
218,P9601,Vehicle 54,2025-01-31,Model A,Volkswagen,Hatchback,Diesel,Bangalore,Company Showroom,36-45,Female,Freelancer,EMI,No,Radio,i,Stormy,Good,1800,2284715,92.65868218351417,No,No,21,2
219,P6762,Vehicle 20,2024-06-27,Model E,Volkswagen,Hybrid,Electric,Chennai,Company Showroom,18-25,Other,Business,Credit Card,Yes,TV,i,Stormy,Poor,800,1614970,94.44561484489309,No,No,13,10
220,P5337,Vehicle 6,2025-01-21,Model D,Tata,Truck,Diesel,Chennai,Authorized Dealer,60+,Other,Freelancer,Cash,Yes,TV,i,Stormy,Poor,1000,2084676,95.36271099393088,Yes,No,96,3
221,P7527,Vehicle 45,2024-11-23,Model A,Honda,Hatchback,Petrol,Hyderabad,Company Showroom,36-45,Other,Engineer,UPI,Yes,Radio,i,Cloudy,Moderate,2000,2006849,119.595329399511,No,No,49,6
222,P8747,Vehicle 6,2024-10-07,Model A,Maruti,SUV,Petrol,Mumbai,Third-party Dealer,18-25,Male,Freelancer,Loan,No,Online,i,Stormy,Poor,2000,714054,96.09048187680325,Yes,Yes,41,6
223,P2597,Vehicle 45,2024-08-10,Model A,Honda,SUV,Diesel,Kolkata,Company Showroom,60+,Female,Engineer,UPI,No,Radio,i,Cloudy,Moderate,1200,2219330,110.95713185671595,No,No,96,7
224,P8958,Vehicle 19,2024-12-04,Model E,Kia,SUV,Diesel,Ahmedabad,Authorized Dealer,46-60,Male,Freelancer,Credit Card,Yes,Online,i,Sunny,Good,1000,1349079,116.29488904928459,Yes,Yes,98,6
225,P1890,Vehicle 37,2024-07-25,Model A,Tata,Electric,Electric,Bangalore,Authorized Dealer,18-25,Male,Doctor,Credit Card,No,Newspaper,i,Stormy,Poor,800,581374,106.85854581485691,Yes,No,45,3
226,P9753,Vehicle 75,2024-07-11,Model D,Volkswagen,Truck,Electric,Chennai,Third-party Dealer,60+,Other,Doctor,Loan,Yes,Radio,i,Foggy,Moderate,2500,1721663,102.97530239839695,No,Yes,49,10
227,P6459,Vehicle 67,2024-07-06,Model C,Ford,Hybrid,Petrol,Hyderabad,Authorized Dealer,46-60,Male,Freelancer,Loan,No,Newspaper,i,Foggy,Poor,1000,2444101,96.60677159540079,Yes,Yes,93,9
228,P6537,Vehicle 32,2024-10-30,Model D,Ford,Hatchback,Hybrid,Kolkata,Company Showroom,36-45,Female,Engineer,Loan,Yes,Social Media,i,Stormy,Poor,1800,2422126,101.48945656772703,No,No,14,10
229,P4763,Vehicle 83,2024-07-24,Model E,Ford,Sedan,Diesel,Mumbai,Authorized Dealer,18-25,Female,Engineer,Credit Card,No,TV,i,Rainy,Poor,800,529320,94.64580463052644,No,Yes,58,6
230,P5675,Vehicle 74,2024-11-01,Model D,Kia,Hatchback,Diesel,Delhi,Authorized Dealer,46-60,Other,Government Employee,Loan,Yes,Radio,i,Stormy,Poor,800,2260692,116.15413865353119,Yes,Yes,95,2
231,P2588,Vehicle 25,2024-09-14,Model C,Volkswagen,SUV,Diesel,Delhi,Third-party Dealer,60+,Male,Doctor,UPI,No,Radio,i,Rainy,Good,1500,633648,111.03481125204127,Yes,Yes,12,5
232,P3520,Vehicle 33,2025-01-28,Model B,Ford,Hybrid,Hybrid,Mumbai,Authorized Dealer,26-35,Male,Freelancer,Cash,No,Radio,i,Sunny,Good,2500,779465,99.41797186518959,No,No,43,2
233,P2466,Vehicle 67,2024-06-13,Model A,Hyundai,Sedan,Petrol,Delhi,Authorized Dealer,46-60,Female,Engineer,Loan,No,Newspaper,i,Foggy,Poor,2000,1901680,101.68415197597074,Yes,No,89,5
234,P6562,Vehicle 77,2024-07-16,Model B,Honda,Electric,Petrol,Pune,Authorized Dealer,36-45,Male,Freelancer,Credit Card,No,Online,i,Stormy,Good,1800,354756,101.43393992691662,Yes,No,50,8
235,P6795,Vehicle 53,2024-08-26,Model E,Volkswagen,Hatchback,Electric,Ahmedabad,Authorized Dealer,26-35,Other,Engineer,Loan,No,Newspaper,i,Cloudy,Poor,1500,2315967,104.46772005384173,No,Yes,72,4
236,P2950,Vehicle 24,2024-09-17,Model B,Hyundai,Sedan,Hybrid,Ahmedabad,Third-party Dealer,18-25,Female,Freelancer,Cash,No,Social Media,i,Rainy,Moderate,2000,2411829,101.82740694638146,No,No,80,7
237,P1011,Vehicle 74,2024-12-12,Model A,Honda,Sedan,Petrol,Ahmedabad,Authorized Dealer,18-25,Other,Teacher,UPI,No,Social Media,i,Cloudy,Moderate,800,1158862,108.41708514906502,Yes,Yes,71,9
238,P1080,Vehicle 18,2024-08-04,Model E,Kia,Truck,Diesel,Delhi,Third-party Dealer,18-25,Other,Engineer,Credit Card,Yes,Radio,i,Rainy,Good,2000,1780665,94.57398274242114,Yes,Yes,95,7
239,P1895,Vehicle 80,2024-11-30,Model A,Ford,Hybrid,Hybrid,Delhi,Authorized Dealer,26-35,Male,Doctor,UPI,Yes,Radio,i,Sunny,Good,1000,1480140,100.78170592541211,No,Yes,98,4
240,P9552,Vehicle 31,2024-10-05,Model A,Maruti,Truck,Diesel,Delhi,Third-party Dealer,26-35,Male,Teacher,EMI,No,Newspaper,i,Stormy,Moderate,1500,1881737,119.3612886627167,No,No,26,6
241,P7267,Vehicle 66,2025-01-06,Model A,Honda,Truck,Petrol,Pune,Authorized Dealer,36-45,Male,Business,UPI,No,Online,i,Sunny,Poor,1500,1208857,96.14542751841373,Yes,Yes,75,7
242,P1621,Vehicle 95,2024-10-27,Model D,Honda,Sedan,Electric,Pune,Third-party Dealer,46-60,Male,Teacher,Loan,Yes,Online,i,Stormy,Moderate,1200,1475050,98.1592465853651,No,Yes,78,7
243,P2631,Vehicle 72,2024-11-20,Model C,Kia,Electric,Petrol,Delhi,Authorized Dealer,26-35,Other,Business,Cash,Yes,Newspaper,i,Rainy,Good,2500,1535864,108.28989883742956,No,Yes,99,7
244,P6813,Vehicle 86,2024-11-09,Model A,Maruti,Hatchback,Petrol,Bangalore,Company Showroom,26-35,Male,Engineer,EMI,No,Online,i,Stormy,Poor,2500,1253814,113.55959449435593,No,Yes,20,10
245,P1230,Vehicle 31,2024-08-01,Model C,Ford,SUV,Petrol,Mumbai,Company Showroom,26-35,Female,Teacher,EMI,No,Online,i,Sunny,Good,1000,2025062,96.98114170387933,Yes,No,74,6
246,P3616,Vehicle 3,2024-06-28,Model B,Honda,Sedan,Diesel,Hyderabad,Company Showroom,60+,Male,Doctor,UPI,No,Radio,i,Rainy,Good,1800,1043377,115.8343434711326,Yes,Yes,32,4
247,P9035,Vehicle 66,2024-12-12,Model A,Honda,Hybrid,Petrol,Chennai,Third-party Dealer,18-25,Male,Doctor,EMI,No,Online,i,Cloudy,Good,1000,1147900,112.32677873769651,No,Yes,38,4
248,P8222,Vehicle 33,2024-07-19,Model E,Hyundai,Hybrid,Petrol,Hyderabad,Third-party Dealer,60+,Male,Engineer,UPI,Yes,Newspaper,i,Stormy,Good,1000,2476628,90.3348714334243,Yes,No,68,1
249,P4421,Vehicle 21,2024-11-11,Model D,Honda,Electric,Diesel,Chennai,Company Showroom,26-35,Male,Teacher,Loan,Yes,Radio,i,Sunny,Moderate,1200,1919314,106.858049819318,Yes,No,54,6
250,P3409,Vehicle 95,2025-01-16,Model A,Maruti,Sedan,Petrol,Ahmedabad,Company Showroom,18-25,Male,Freelancer,EMI,No,Newspaper,i,Sunny,Poor,1800,2384155,106.0608136894867,No,Yes,81,7
251,P5524,Vehicle 54,2025-02-06,Model A,Volkswagen,Electric,Petrol,Kolkata,Authorized Dealer,18-25,Male,Freelancer,UPI,Yes,Online,i,Rainy,Moderate,2000,1665268,118.44580192650352,No,Yes,40,3
252,P4534,Vehicle 89,2024-12-09,Model A,Maruti,SUV,Petrol,Hyderabad,Company Showroom,36-45,Male,Business,Loan,No,Radio,i,Rainy,Good,800,1222311,94.87233936129302,No,Yes,69,5
253,P5943,Vehicle 66,2024-07-27,Model D,Honda,Hatchback,Hybrid,Chennai,Third-party Dealer,36-45,Female,Freelancer,UPI,No,Online,i,Foggy,Good,800,1374363,90.28615869099741,Yes,No,15,2
254,P6499,Vehicle 8,2024-11-12,Model C,Tata,Hybrid,Electric,Mumbai,Authorized Dealer,18-25,Female,Freelancer,Credit Card,Yes,Newspaper,i,Foggy,Poor,1500,1084191,99.28070683036063,No,No,30,9
255,P5394,Vehicle 10,2025-01-11,Model A,Volkswagen,Truck,Diesel,Ahmedabad,Company Showroom,60+,Other,Teacher,Loan,No,Newspaper,i,Rainy,Moderate,1000,1728314,102.71684096105403,Yes,No,79,5
256,P2560,Vehicle 54,2025-01-08,Model D,Kia,Hybrid,Diesel,Pune,Third-party Dealer,36-45,Female,Government Employee,Loan,Yes,Newspaper,i,Sunny,Moderate,1500,2214489,92.63814957549775,No,No,29,4
257,P6790,Vehicle 9,2024-11-12,Model A,Hyundai,Electric,Diesel,Bangalore,Company Showroom,60+,Other,Doctor,Loan,No,Social Media,i,Cloudy,Moderate,1000,655754,109.1946796366218,No,No,42,7
258,P2545,Vehicle 32,2024-10-24,Model C,Maruti,Truck,Electric,Bangalore,Authorized Dealer,36-45,Male,Business,Credit Card,Yes,TV,i,Stormy,Good,1000,732428,102.73177267566751,No,Yes,31,10
259,P2822,Vehicle 70,2024-09-02,Model C,Toyota,Sedan,Electric,Pune,Third-party Dealer,18-25,Male,Teacher,Cash,No,Radio,i,Cloudy,Good,1500,1770606,119.69882289135268,No,No,58,9
260,P3363,Vehicle 41,2024-08-13,Model A,Hyundai,Electric,Diesel,Kolkata,Authorized Dealer,36-45,Other,Business,Credit Card,No,Social Media,i,Sunny,Moderate,800,1643633,93.74457891540104,No,No,19,7
261,P2645,Vehicle 14,2024-09-25,Model A,Toyota,Truck,Hybrid,Ahmedabad,Third-party Dealer,60+,Male,Teacher,Cash,Yes,Newspaper,i,Rainy,Moderate,1800,610422,113.08937995405208,Yes,Yes,50,5
262,P6447,Vehicle 89,2024-12-19,Model C,Kia,Truck,Diesel,Hyderabad,Company Showroom,26-35,Other,Teacher,Loan,Yes,Online,i,Sunny,Good,1000,682196,118.04667848023485,Yes,Yes,82,2
263,P6879,Vehicle 24,2025-01-21,Model E,Tata,Electric,Diesel,Ahmedabad,Third-party Dealer,26-35,Male,Freelancer,Loan,Yes,Newspaper,i,Rainy,Poor,2500,2228087,97.07117059939623,No,Yes,43,3
264,P2115,Vehicle 80,2024-06-17,Model E,Hyundai,SUV,Diesel,Chennai,Company Showroom,36-45,Female,Government Employee,EMI,No,Online,i,Cloudy,Poor,1200,1881077,110.05419528962754,Yes,No,18,10
265,P2881,Vehicle 49,2024-06-28,Model A,Ford,Hatchback,Hybrid,Ahmedabad,Authorized Dealer,26-35,Other,Freelancer,EMI,No,Newspaper,i,Sunny,Moderate,1200,2009587,105.81100037384975,Yes,No,28,10
266,P4066,Vehicle 77,2024-06-12,Model A,Tata,Truck,Diesel,Chennai,Authorized Dealer,46-60,Female,Engineer,UPI,No,TV,i,Cloudy,Moderate,1800,1327528,118.87295869700449,Yes,Yes,34,6
267,P9968,Vehicle 61,2024-12-28,Model A,Toyota,Hatchback,Diesel,Ahmedabad,Authorized Dealer,60+,Male,Government Employee,Cash,No,Radio,i,Cloudy,Moderate,800,2416273,118.7602562250159,No,Yes,79,8
268,P4135,Vehicle 7,2024-07-24,Model A,Ford,Electric,Diesel,Delhi,Authorized Dealer,26-35,Female,Teacher,EMI,Yes,Social Media,i,Rainy,Good,1500,2411003,112.88834326350963,No,No,63,10
269,P7352,Vehicle 52,2024-07-27,Model B,Honda,Sedan,Hybrid,Delhi,Authorized Dealer,18-25,Other,Doctor,EMI,No,Radio,i,Rainy,Moderate,1000,877576,119.026648424244,Yes,Yes,17,4
270,P7022,Vehicle 68,2025-01-13,Model D,Maruti,Hatchback,Electric,Pune,Company Showroom,46-60,Other,Business,UPI,No,TV,i,Foggy,Moderate,800,544048,94.99137640870627,No,No,44,1
271,P7334,Vehicle 37,2024-08-04,Model C,Tata,Truck,Electric,Hyderabad,Authorized Dealer,46-60,Male,Engineer,Loan,No,Radio,i,Sunny,Moderate,1200,388194,102.18575566661787,Yes,Yes,88,5
272,P9023,Vehicle 70,2024-08-01,Model A,Honda,Truck,Diesel,Chennai,Third-party Dealer,18-25,Male,Teacher,Cash,Yes,TV,i,Foggy,Poor,1200,2482249,103.76110220779192,No,No,65,5
273,P4453,Vehicle 30,2024-10-29,Model C,Ford,Hybrid,Electric,Delhi,Authorized Dealer,18-25,Other,Doctor,Credit Card,No,Radio,i,Rainy,Poor,1800,1687441,93.77788181512959,Yes,Yes,64,8
274,P4410,Vehicle 38,2025-02-01,Model B,Maruti,Hybrid,Electric,Chennai,Company Showroom,18-25,Other,Doctor,Loan,Yes,Radio,i,Cloudy,Poor,800,1254479,99.92914872631803,Yes,Yes,52,1
275,P3993,Vehicle 1,2024-08-20,Model C,Kia,Hybrid,Hybrid,Kolkata,Company Showroom,60+,Other,Teacher,Cash,No,Online,i,Sunny,Good,1200,452376,94.33434366560043,No,No,24,4
276,P7431,Vehicle 60,2024-10-13,Model C,Kia,Sedan,Electric,Ahmedabad,Company Showroom,36-45,Female,Teacher,EMI,No,TV,i,Rainy,Moderate,2000,2299609,99.73906555509977,Yes,No,21,1
277,P3211,Vehicle 72,2024-07-19,Model C,Toyota,Truck,Electric,Kolkata,Third-party Dealer,46-60,Other,Teacher,Credit Card,No,Online,i,Cloudy,Good,2500,805848,110.02778238312058,No,No,29,10
278,P4430,Vehicle 44,2024-08-14,Model E,Toyota,Sedan,Electric,Bangalore,Third-party Dealer,26-35,Female,Doctor,EMI,Yes,Radio,i,Foggy,Good,1000,1573774,97.25882037114782,No,Yes,25,2
279,P1711,Vehicle 87,2024-07-27,Model B,Maruti,Sedan,Diesel,Bangalore,Company Showroom,36-45,Male,Engineer,Loan,No,Radio,i,Sunny,Moderate,2500,433828,114.55292062785016,Yes,Yes,13,9
280,P6583,Vehicle 12,2024-12-11,Model E,Toyota,SUV,Electric,Ahmedabad,Third-party Dealer,26-35,Female,Government Employee,EMI,No,Online,i,Cloudy,Poor,2500,562932,102.1881422763665,No,No,51,2
281,P6539,Vehicle 83,2025-01-30,Model C,Volkswagen,Sedan,Diesel,Delhi,Authorized Dealer,60+,Female,Business,EMI,No,Newspaper,i,Stormy,Good,1800,2104448,91.3274854071772,Yes,No,47,8
282,P1182,Vehicle 26,2024-09-10,Model B,Maruti,Hatchback,Petrol,Kolkata,Company Showroom,60+,Other,Freelancer,UPI,No,Radio,i,Stormy,Moderate,2000,1894546,103.14504220878541,No,Yes,39,3
283,P3702,Vehicle 27,2024-06-17,Model B,Maruti,Hatchback,Hybrid,Pune,Third-party Dealer,18-25,Other,Government Employee,Credit Card,No,Radio,i,Stormy,Good,800,1780267,93.457563817109,No,Yes,26,10
284,P4644,Vehicle 32,2024-07-15,Model A,Tata,Electric,Petrol,Ahmedabad,Third-party Dealer,36-45,Male,Teacher,UPI,Yes,Newspaper,i,Sunny,Poor,2500,782502,113.95909700328531,Yes,No,42,8
285,P5617,Vehicle 87,2024-07-11,Model D,Maruti,Hybrid,Electric,Mumbai,Third-party Dealer,36-45,Female,Engineer,EMI,Yes,Social Media,i,Foggy,Moderate,1200,380976,102.58880303916317,No,No,35,7
286,P4679,Vehicle 69,2024-12-05,Model B,Tata,Hatchback,Diesel,Chennai,Company Showroom,26-35,Other,Engineer,UPI,Yes,Radio,i,Rainy,Good,1200,1589039,106.94775662198947,Yes,Yes,53,6
287,P9537,Vehicle 56,2024-08-15,Model E,Maruti,Sedan,Petrol,Mumbai,Authorized Dealer,26-35,Male,Freelancer,UPI,No,TV,i,Rainy,Good,1200,2106172,102.31573310938607,No,Yes,46,3
288,P4762,Vehicle 61,2024-09-22,Model E,Tata,Hatchback,Petrol,Delhi,Authorized Dealer,18-25,Other,Government Employee,UPI,No,Newspaper,i,Rainy,Good,1000,555515,114.64700489908103,No,Yes,50,4
289,P6881,Vehicle 70,2025-02-06,Model C,Honda,Sedan,Petrol,Pune,Company Showroom,46-60,Female,Engineer,Credit Card,No,Online,i,Rainy,Good,1000,1964161,95.47155176205715,No,Yes,87,1
290,P2667,Vehicle 49,2024-08-18,Model D,Ford,Electric,Petrol,Chennai,Company Showroom,26-35,Male,Government Employee,Cash,Yes,Online,i,Sunny,Good,2000,934931,107.51307413203682,Yes,No,18,6
291,P1793,Vehicle 89,2024-09-22,Model E,Volkswagen,Hatchback,Diesel,Mumbai,Authorized Dealer,46-60,Male,Freelancer,Cash,Yes,TV,i,Rainy,Good,2000,963482,90.4260251878014,No,Yes,42,10
292,P3961,Vehicle 48,2024-10-11,Model C,Maruti,Hatchback,Diesel,Mumbai,Third-party Dealer,46-60,Other,Freelancer,Loan,Yes,Social Media,i,Foggy,Poor,2500,1473458,103.51791364428325,Yes,No,73,5
293,P8709,Vehicle 99,2025-02-01,Model D,Hyundai,Hatchback,Diesel,Delhi,Authorized Dealer,26-35,Female,Government Employee,EMI,No,TV,i,Rainy,Moderate,2000,1570918,102.45876877759882,Yes,Yes,16,2
294,P6190,Vehicle 34,2024-11-04,Model D,Volkswagen,Hybrid,Electric,Pune,Third-party Dealer,60+,Female,Engineer,Loan,No,Social Media,i,Stormy,Moderate,800,1878254,94.39161898717728,No,Yes,43,2
295,P1263,Vehicle 18,2024-09-14,Model A,Toyota,Electric,Hybrid,Pune,Third-party Dealer,36-45,Female,Government Employee,Loan,Yes,Social Media,i,Rainy,Poor,2000,1714962,102.6806163864313,Yes,Yes,42,3
296,P3566,Vehicle 40,2024-06-17,Model D,Hyundai,Hatchback,Diesel,Kolkata,Third-party Dealer,26-35,Female,Teacher,EMI,Yes,Radio,i,Rainy,Poor,1000,1432149,105.2426270332587,Yes,No,50,4
297,P8662,Vehicle 4,2025-01-13,Model A,Ford,Hybrid,Electric,Mumbai,Authorized Dealer,46-60,Other,Business,EMI,No,TV,i,Cloudy,Moderate,1200,414584,118.02897218142837,Yes,Yes,36,3
298,P7016,Vehicle 98,2025-01-28,Model B,Volkswagen,Hatchback,Electric,Kolkata,Authorized Dealer,26-35,Other,Doctor,Credit Card,No,Newspaper,i,Foggy,Good,1000,1694026,98.111777962867,Yes,No,30,4
299,P8665,Vehicle 3,2025-01-03,Model B,Kia,Electric,Petrol,Kolkata,Company Showroom,60+,Male,Government Employee,Cash,Yes,TV,i,Rainy,Moderate,800,1478819,91.61874594759873,Yes,No,44,2
300,P5599,Vehicle 55,2024-12-04,Model B,Honda,Hybrid,Diesel,Kolkata,Company Showroom,26-35,Female,Doctor,Credit Card,No,Online,i,Rainy,Good,1500,2346591,95.31855022849172,Yes,Yes,16,10
301,P2797,Vehicle 52,2024-12-16,Model E,Kia,SUV,Diesel,Delhi,Third-party Dealer,60+,Other,Teacher,UPI,Yes,TV,i,Foggy,Good,1200,1581409,119.51123584413867,Yes,No,99,7
302,P5374,Vehicle 69,2025-01-23,Model D,Maruti,Hybrid,Petrol,Ahmedabad,Company Showroom,26-35,Other,Business,Credit Card,No,TV,i,Rainy,Good,1000,1706999,109.81174836471594,No,Yes,28,2
303,P4107,Vehicle 53,2024-06-17,Model E,Toyota,Sedan,Petrol,Delhi,Company Showroom,36-45,Female,Freelancer,Cash,Yes,TV,i,Rainy,Moderate,1000,1522683,91.3128798846862,No,No,61,5
304,P2625,Vehicle 47,2024-10-28,Model A,Kia,Sedan,Electric,Hyderabad,Authorized Dealer,60+,Male,Doctor,EMI,No,TV,i,Foggy,Good,2500,1555453,97.25792151306541,No,Yes,50,10
305,P5229,Vehicle 68,2024-07-07,Model E,Honda,SUV,Hybrid,Kolkata,Company Showroom,18-25,Other,Government Employee,Credit Card,Yes,Radio,i,Stormy,Moderate,1200,2257918,102.39317221167369,No,Yes,20,9
306,P1454,Vehicle 64,2025-01-30,Model D,Maruti,Sedan,Petrol,Mumbai,Third-party Dealer,18-25,Female,Government Employee,Credit Card,Yes,Radio,i,Cloudy,Moderate,1500,1892272,92.91984140506824,Yes,No,66,2
307,P6600,Vehicle 82,2024-06-22,Model E,Kia,Truck,Electric,Hyderabad,Company Showroom,18-25,Male,Doctor,UPI,No,Social Media,i,Stormy,Good,1000,1846744,108.79958652105813,Yes,Yes,71,2
308,P4941,Vehicle 64,2024-07-15,Model E,Toyota,Hybrid,Electric,Mumbai,Company Showroom,26-35,Female,Engineer,Credit Card,Yes,Online,i,Rainy,Poor,1500,1058355,97.25007899992693,Yes,Yes,57,9
309,P4629,Vehicle 75,2024-07-29,Model B,Toyota,SUV,Electric,Delhi,Company Showroom,26-35,Male,Engineer,Cash,Yes,Online,i,Sunny,Moderate,1200,1838295,92.997072401982,Yes,No,10,8
310,P1168,Vehicle 6,2024-10-31,Model E,Tata,SUV,Petrol,Hyderabad,Authorized Dealer,60+,Female,Government Employee,Cash,No,Newspaper,i,Stormy,Moderate,2500,1868152,91.3693044814866,No,Yes,77,5
311,P6386,Vehicle 47,2025-01-05,Model B,Maruti,Sedan,Petrol,Bangalore,Third-party Dealer,26-35,Female,Doctor,EMI,Yes,Social Media,i,Rainy,Good,1800,996099,97.79394567642888,No,No,15,5
312,P5899,Vehicle 69,2025-01-19,Model E,Ford,Hatchback,Diesel,Hyderabad,Third-party Dealer,18-25,Other,Teacher,UPI,Yes,TV,i,Cloudy,Good,1500,613169,114.65952254746446,Yes,No,58,4
313,P2135,Vehicle 99,2024-08-06,Model E,Ford,Sedan,Petrol,Delhi,Authorized Dealer,36-45,Other,Freelancer,Loan,No,TV,i,Foggy,Poor,1800,1513160,106.23756519661514,No,No,34,9
314,P7685,Vehicle 35,2024-08-30,Model D,Kia,Hybrid,Petrol,Pune,Company Showroom,18-25,Other,Business,Loan,Yes,TV,i,Rainy,Moderate,1800,1721829,114.00412227132762,Yes,Yes,39,5
315,P8841,Vehicle 94,2024-10-23,Model C,Hyundai,Hatchback,Diesel,Ahmedabad,Authorized Dealer,26-35,Female,Freelancer,Cash,Yes,Newspaper,i,Stormy,Good,1500,1787110,99.61706521950042,Yes,Yes,88,8
316,P4739,Vehicle 3,2025-01-30,Model E,Ford,SUV,Diesel,Pune,Company Showroom,18-25,Female,Freelancer,EMI,No,Online,i,Sunny,Moderate,2500,1348424,105.8629598514945,Yes,Yes,38,8
317,P6293,Vehicle 71,2024-07-27,Model D,Hyundai,Electric,Hybrid,Chennai,Company Showroom,46-60,Female,Teacher,EMI,Yes,Newspaper,i,Rainy,Poor,1200,2260917,98.02311042550537,Yes,No,54,2
318,P5937,Vehicle 51,2024-07-27,Model A,Tata,Hybrid,Hybrid,Delhi,Authorized Dealer,60+,Female,Business,Loan,Yes,TV,i,Stormy,Good,2000,2067603,117.83272623112059,No,No,94,6
319,P7571,Vehicle 13,2024-10-26,Model C,Tata,Sedan,Petrol,Mumbai,Authorized Dealer,26-35,Male,Doctor,Credit Card,Yes,Social Media,i,Cloudy,Good,2000,1547126,107.03280954431244,Yes,Yes,29,2
320,P4972,Vehicle 1,2024-10-24,Model C,Toyota,Hatchback,Diesel,Kolkata,Third-party Dealer,60+,Male,Government Employee,UPI,Yes,Online,i,Stormy,Poor,800,1212377,118.2077639040653,Yes,Yes,23,2
321,P2913,Vehicle 50,2024-06-18,Model A,Volkswagen,Truck,Petrol,Mumbai,Third-party Dealer,26-35,Male,Government Employee,Loan,Yes,Online,i,Foggy,Moderate,1800,546456,119.56674989453381,Yes,Yes,47,6
322,P9814,Vehicle 98,2024-10-20,Model D,Honda,SUV,Diesel,Kolkata,Third-party Dealer,36-45,Male,Government Employee,EMI,No,Radio,i,Cloudy,Poor,1800,657944,102.72586951353207,No,Yes,25,2
323,P6199,Vehicle 93,2024-07-04,Model B,Kia,Sedan,Hybrid,Delhi,Company Showroom,46-60,Female,Freelancer,Loan,Yes,Radio,i,Cloudy,Good,800,1294864,119.67677742579087,Yes,No,26,6
324,P3977,Vehicle 76,2024-10-05,Model E,Volkswagen,Sedan,Hybrid,Mumbai,Authorized Dealer,36-45,Female,Doctor,Credit Card,No,Online,i,Stormy,Moderate,1000,1854931,98.53742874530784,Yes,Yes,40,2
325,P6637,Vehicle 11,2025-01-28,Model D,Ford,Hatchback,Electric,Kolkata,Authorized Dealer,18-25,Male,Government Employee,Cash,Yes,TV,i,Cloudy,Good,1500,516362,104.36539128727259,Yes,Yes,28,3
326,P3849,Vehicle 16,2024-10-25,Model C,Ford,Truck,Diesel,Mumbai,Third-party Dealer,26-35,Other,Government Employee,Cash,Yes,Online,i,Rainy,Moderate,1800,524637,115.172244082003,Yes,Yes,48,4
327,P1822,Vehicle 73,2024-07-08,Model C,Maruti,Electric,Electric,Mumbai,Third-party Dealer,46-60,Other,Engineer,EMI,No,Online,i,Stormy,Good,1800,1256014,92.20531669864398,No,No,83,2
328,P3334,Vehicle 36,2025-02-01,Model E,Honda,Sedan,Diesel,Ahmedabad,Authorized Dealer,60+,Female,Freelancer,Cash,No,Radio,i,Stormy,Poor,2000,683366,115.14487876947977,No,No,58,8
329,P4383,Vehicle 54,2024-07-16,Model A,Tata,Truck,Diesel,Pune,Third-party Dealer,36-45,Male,Freelancer,Credit Card,No,Radio,i,Stormy,Good,1200,1423150,115.32699627270749,Yes,No,45,9
330,P6880,Vehicle 13,2025-01-04,Model A,Kia,Sedan,Hybrid,Pune,Third-party Dealer,26-35,Other,Freelancer,Credit Card,Yes,Newspaper,i,Foggy,Moderate,2000,384623,108.28841679973745,No,No,10,4
331,P3427,Vehicle 5,2024-12-28,Model B,Tata,SUV,Diesel,Chennai,Authorized Dealer,46-60,Other,Freelancer,Loan,No,Radio,i,Sunny,Moderate,1200,385751,105.34681888153074,No,No,12,8
332,P2496,Vehicle 93,2025-01-24,Model C,Toyota,SUV,Electric,Pune,Company Showroom,18-25,Male,Teacher,Cash,Yes,TV,i,Rainy,Good,1000,2226266,97.05908200490335,No,Yes,56,8
333,P4761,Vehicle 77,2024-09-19,Model D,Hyundai,SUV,Hybrid,Chennai,Authorized Dealer,60+,Female,Business,EMI,No,Online,i,Foggy,Poor,1500,1236893,92.09171259440478,Yes,No,41,5
334,P4298,Vehicle 25,2024-10-22,Model B,Hyundai,Truck,Diesel,Mumbai,Third-party Dealer,46-60,Female,Doctor,UPI,Yes,Online,i,Cloudy,Good,800,898697,108.75344873064486,Yes,Yes,78,6
335,P3314,Vehicle 24,2024-07-14,Model B,Volkswagen,Hybrid,Electric,Bangalore,Authorized Dealer,18-25,Other,Government Employee,Loan,No,TV,i,Rainy,Moderate,1000,548858,100.64292466135632,No,No,49,5
336,P8950,Vehicle 59,2024-10-14,Model A,Volkswagen,Hatchback,Diesel,Kolkata,Company Showroom,60+,Female,Government Employee,UPI,No,Newspaper,i,Sunny,Moderate,1500,958210,93.36586372890395,No,Yes,81,2
337,P5566,Vehicle 62,2024-08-11,Model B,Maruti,Electric,Diesel,Chennai,Company Showroom,36-45,Other,Freelancer,Credit Card,No,Radio,i,Foggy,Good,1200,1571303,115.46647916676105,No,No,87,6
338,P4085,Vehicle 51,2024-08-11,Model A,Ford,Electric,Petrol,Kolkata,Authorized Dealer,60+,Female,Teacher,Loan,No,Newspaper,i,Sunny,Poor,800,1249357,99.27225591804438,No,No,56,3
339,P9793,Vehicle 76,2024-09-13,Model D,Ford,Hatchback,Hybrid,Bangalore,Third-party Dealer,26-35,Female,Business,UPI,No,Newspaper,i,Rainy,Moderate,2000,686104,107.85228152096863,Yes,Yes,71,6
340,P1891,Vehicle 12,2024-12-07,Model D,Ford,Sedan,Hybrid,Pune,Company Showroom,46-60,Other,Freelancer,Loan,No,TV,i,Stormy,Moderate,2500,1791021,116.12703369874538,No,No,14,6
341,P5688,Vehicle 64,2024-10-06,Model D,Honda,Hatchback,Diesel,Bangalore,Authorized Dealer,36-45,Male,Government Employee,Cash,Yes,Radio,i,Stormy,Poor,1500,2267996,92.98984844789193,No,No,23,10
342,P8389,Vehicle 89,2024-12-14,Model A,Volkswagen,Sedan,Diesel,Hyderabad,Company Showroom,60+,Male,Engineer,EMI,No,Social Media,i,Sunny,Poor,2000,599225,92.51771676617494,No,Yes,67,8
343,P3047,Vehicle 74,2024-11-28,Model A,Toyota,SUV,Petrol,Bangalore,Company Showroom,18-25,Female,Teacher,UPI,Yes,Social Media,i,Rainy,Moderate,800,1804091,93.828091902642,Yes,No,76,7
344,P4507,Vehicle 42,2024-06-22,Model C,Toyota,Sedan,Petrol,Mumbai,Company Showroom,46-60,Female,Engineer,Credit Card,Yes,Online,i,Rainy,Moderate,1500,1270668,115.71891674013213,Yes,No,67,2
345,P3394,Vehicle 1,2025-01-14,Model B,Kia,SUV,Diesel,Chennai,Third-party Dealer,26-35,Female,Government Employee,Credit Card,No,Online,i,Stormy,Moderate,1800,1665794,93.87902912031367,Yes,No,95,9
346,P3795,Vehicle 78,2024-10-01,Model D,Hyundai,Hatchback,Petrol,Chennai,Company Showroom,18-25,Male,Teacher,EMI,Yes,Online,i,Sunny,Poor,1200,1436547,119.8995405771037,Yes,No,18,4
347,P1410,Vehicle 66,2024-10-08,Model C,Kia,Electric,Hybrid,Pune,Authorized Dealer,46-60,Other,Freelancer,Cash,No,TV,i,Foggy,Moderate,2000,527964,116.61073861104015,Yes,No,38,9
348,P7427,Vehicle 34,2025-02-04,Model D,Tata,Electric,Hybrid,Bangalore,Authorized Dealer,18-25,Male,Business,EMI,No,Online,i,Foggy,Moderate,1000,1935751,99.51083369950089,No,Yes,79,10
349,P9490,Vehicle 37,2024-07-10,Model C,Toyota,SUV,Diesel,Kolkata,Authorized Dealer,26-35,Male,Engineer,Loan,Yes,Radio,i,Stormy,Moderate,800,369551,95.86905581844037,No,No,18,6
350,P3982,Vehicle 75,2024-09-15,Model A,Toyota,Hybrid,Hybrid,Chennai,Company Showroom,46-60,Female,Business,Cash,Yes,Social Media,i,Stormy,Poor,800,897840,96.02006345341513,Yes,No,63,7
351,P2610,Vehicle 32,2024-11-02,Model E,Kia,Electric,Electric,Pune,Authorized Dealer,26-35,Male,Engineer,Cash,No,Social Media,i,Rainy,Poor,2000,852840,111.5715931991482,Yes,No,36,3
352,P6718,Vehicle 32,2024-12-31,Model B,Hyundai,Hatchback,Hybrid,Delhi,Company Showroom,26-35,Other,Government Employee,Loan,Yes,Social Media,i,Foggy,Good,2500,1510727,117.27276284747961,No,Yes,55,7
353,P6661,Vehicle 52,2025-01-08,Model D,Tata,Sedan,Hybrid,Pune,Company Showroom,60+,Male,Teacher,Credit Card,Yes,Newspaper,i,Rainy,Moderate,2000,2290976,100.45880953364608,Yes,Yes,12,10
354,P1486,Vehicle 85,2024-10-04,Model C,Kia,Hybrid,Electric,Ahmedabad,Company Showroom,18-25,Male,Teacher,UPI,Yes,Radio,i,Foggy,Poor,1800,2120905,118.9458928801391,No,Yes,83,7
355,P7018,Vehicle 60,2024-08-06,Model D,Toyota,Sedan,Petrol,Kolkata,Authorized Dealer,26-35,Other,Engineer,UPI,No,Newspaper,i,Foggy,Poor,1800,1265690,113.07222760462193,No,No,35,9
356,P6066,Vehicle 79,2024-11-19,Model B,Maruti,Truck,Diesel,Kolkata,Third-party Dealer,60+,Male,Government Employee,UPI,Yes,Social Media,i,Cloudy,Moderate,1500,1729157,100.88163234135753,No,No,31,1
357,P5212,Vehicle 40,2024-06-14,Model A,Toyota,SUV,Electric,Hyderabad,Third-party Dealer,46-60,Other,Doctor,Credit Card,No,Radio,i,Stormy,Poor,1500,2030657,99.59900229773709,Yes,No,71,1
358,P8655,Vehicle 39,2024-09-28,Model C,Toyota,Hybrid,Diesel,Bangalore,Company Showroom,36-45,Male,Freelancer,Loan,Yes,Social Media,i,Sunny,Poor,2500,686758,109.82083629514395,Yes,Yes,74,8
359,P5464,Vehicle 79,2024-06-18,Model C,Volkswagen,Truck,Electric,Ahmedabad,Company Showroom,18-25,Other,Freelancer,UPI,Yes,TV,i,Foggy,Good,2500,1216250,104.41252390966162,Yes,Yes,30,1
360,P7640,Vehicle 83,2024-07-16,Model E,Volkswagen,Electric,Hybrid,Hyderabad,Authorized Dealer,46-60,Other,Freelancer,Credit Card,Yes,Online,i,Sunny,Good,1000,527904,102.25070194075202,No,No,73,4
361,P7893,Vehicle 12,2024-08-21,Model E,Hyundai,Hybrid,Diesel,Kolkata,Company Showroom,46-60,Female,Engineer,UPI,No,Social Media,i,Rainy,Moderate,2500,342626,90.98426768519819,Yes,Yes,47,7
362,P7429,Vehicle 17,2024-08-20,Model D,Tata,Hatchback,Petrol,Ahmedabad,Third-party Dealer,60+,Male,Business,Loan,No,Social Media,i,Sunny,Good,1000,477578,119.13316072706179,Yes,No,60,1
363,P3183,Vehicle 77,2024-07-31,Model C,Honda,Electric,Diesel,Chennai,Authorized Dealer,26-35,Other,Teacher,Loan,No,Newspaper,i,Foggy,Poor,1800,1906247,108.0272317609578,No,Yes,77,2
364,P1114,Vehicle 71,2024-08-26,Model A,Volkswagen,SUV,Hybrid,Ahmedabad,Third-party Dealer,18-25,Female,Freelancer,EMI,No,Social Media,i,Stormy,Good,1200,1781609,91.56597683356728,Yes,No,98,8
365,P3627,Vehicle 91,2024-06-15,Model A,Honda,SUV,Petrol,Pune,Third-party Dealer,18-25,Female,Business,Credit Card,Yes,Newspaper,i,Stormy,Moderate,1500,1586756,107.14175746883072,No,Yes,42,6
366,P8295,Vehicle 64,2024-10-05,Model E,Kia,Sedan,Petrol,Ahmedabad,Authorized Dealer,26-35,Other,Business,UPI,No,Newspaper,i,Rainy,Poor,1200,1359926,117.31903865388014,Yes,No,69,2
367,P6118,Vehicle 11,2024-06-23,Model D,Honda,Hybrid,Electric,Hyderabad,Company Showroom,46-60,Female,Freelancer,Cash,No,TV,i,Sunny,Moderate,2500,414405,109.05634747255847,No,No,90,4
368,P7466,Vehicle 88,2024-09-23,Model D,Maruti,Sedan,Hybrid,Delhi,Third-party Dealer,36-45,Other,Business,Credit Card,No,TV,i,Foggy,Poor,1000,1662546,110.15508100307697,No,No,89,5
369,P3920,Vehicle 94,2024-09-02,Model B,Tata,Electric,Petrol,Hyderabad,Third-party Dealer,36-45,Female,Doctor,Credit Card,Yes,TV,i,Sunny,Good,1800,959852,118.61843142293574,Yes,Yes,32,9
370,P7095,Vehicle 83,2024-09-03,Model B,Toyota,Hybrid,Petrol,Mumbai,Authorized Dealer,46-60,Other,Teacher,Credit Card,No,Social Media,i,Rainy,Poor,2500,1606761,92.64830763459717,No,Yes,83,9
371,P6304,Vehicle 34,2024-12-20,Model D,Hyundai,Sedan,Petrol,Bangalore,Authorized Dealer,60+,Male,Doctor,UPI,No,TV,i,Sunny,Poor,1000,483224,97.89780500265722,No,Yes,48,10
372,P2579,Vehicle 73,2024-10-14,Model B,Maruti,SUV,Diesel,Pune,Authorized Dealer,46-60,Male,Freelancer,Cash,Yes,Social Media,i,Sunny,Poor,1800,2419087,102.2458630099218,No,Yes,73,4
373,P8337,Vehicle 17,2025-01-08,Model E,Kia,SUV,Hybrid,Delhi,Third-party Dealer,26-35,Other,Business,UPI,No,Online,i,Stormy,Poor,1500,1582127,109.66316996238334,No,No,11,5
374,P1301,Vehicle 31,2024-09-20,Model D,Volkswagen,Electric,Hybrid,Chennai,Third-party Dealer,18-25,Other,Teacher,Credit Card,No,Social Media,i,Foggy,Moderate,2000,1666629,113.35575069654485,Yes,No,49,10
375,P8901,Vehicle 18,2024-08-26,Model D,Tata,SUV,Diesel,Bangalore,Company Showroom,26-35,Female,Freelancer,UPI,Yes,TV,i,Foggy,Good,1200,2377399,119.12169943616473,No,Yes,57,8
376,P2320,Vehicle 28,2024-11-06,Model E,Kia,Truck,Petrol,Chennai,Third-party Dealer,60+,Female,Government Employee,Loan,Yes,Radio,i,Cloudy,Poor,1000,798041,112.73309457075803,Yes,Yes,76,8
377,P4576,Vehicle 35,2025-01-21,Model E,Volkswagen,Truck,Diesel,Hyderabad,Company Showroom,60+,Female,Freelancer,Credit Card,No,Social Media,i,Rainy,Poor,1000,917667,117.78770226800835,Yes,No,50,7
378,P8303,Vehicle 90,2025-01-16,Model A,Honda,Truck,Electric,Hyderabad,Company Showroom,46-60,Other,Engineer,Credit Card,Yes,Radio,i,Foggy,Good,2500,2067396,115.2094535764981,Yes,No,65,4
379,P7759,Vehicle 92,2024-10-08,Model E,Hyundai,Hybrid,Diesel,Ahmedabad,Authorized Dealer,26-35,Female,Freelancer,UPI,Yes,Social Media,i,Rainy,Good,1500,1476358,92.59340943537576,No,Yes,48,1
380,P9285,Vehicle 30,2024-06-25,Model A,Kia,Truck,Diesel,Ahmedabad,Third-party Dealer,46-60,Other,Freelancer,UPI,No,Radio,i,Sunny,Moderate,2500,609249,103.85025688028652,No,No,58,8
381,P5714,Vehicle 9,2025-02-03,Model D,Honda,Hybrid,Electric,Kolkata,Third-party Dealer,18-25,Female,Business,UPI,Yes,Radio,i,Foggy,Poor,2000,2490531,100.22080239860308,Yes,Yes,32,1
382,P1301,Vehicle 8,2024-10-04,Model B,Maruti,Truck,Diesel,Bangalore,Third-party Dealer,18-25,Male,Freelancer,UPI,No,Online,i,Sunny,Poor,2000,883989,117.39901239182925,No,Yes,33,8
383,P3560,Vehicle 71,2024-10-01,Model B,Volkswagen,Hybrid,Electric,Ahmedabad,Third-party Dealer,26-35,Female,Doctor,Credit Card,Yes,Newspaper,i,Rainy,Poor,2000,436429,107.91692650857733,Yes,Yes,12,10
384,P6994,Vehicle 4,2024-12-31,Model A,Ford,Hatchback,Petrol,Hyderabad,Authorized Dealer,18-25,Female,Business,EMI,Yes,TV,i,Cloudy,Good,800,1864690,99.00617423500222,No,No,90,9
385,P6942,Vehicle 57,2024-11-27,Model E,Hyundai,Hatchback,Diesel,Chennai,Third-party Dealer,60+,Male,Business,Cash,No,TV,i,Foggy,Moderate,1800,941989,115.0341282190814,Yes,Yes,11,3
386,P5731,Vehicle 64,2024-08-05,Model A,Volkswagen,Hybrid,Electric,Bangalore,Third-party Dealer,18-25,Female,Government Employee,EMI,Yes,Online,i,Cloudy,Moderate,800,1471823,114.32868210812565,Yes,Yes,49,4
387,P1856,Vehicle 30,2024-10-30,Model D,Maruti,Hybrid,Petrol,Ahmedabad,Authorized Dealer,18-25,Other,Engineer,UPI,Yes,TV,i,Sunny,Poor,1200,2367543,93.28665721639825,No,No,51,3
388,P4692,Vehicle 79,2024-11-06,Model E,Ford,Hatchback,Electric,Pune,Company Showroom,18-25,Other,Teacher,Credit Card,No,Radio,i,Stormy,Moderate,1000,1010716,103.1981774722347,Yes,No,99,10
389,P8743,Vehicle 58,2024-08-07,Model D,Kia,Hatchback,Electric,Mumbai,Authorized Dealer,36-45,Female,Teacher,Loan,Yes,Newspaper,i,Foggy,Moderate,1800,1982627,102.2361117556353,No,No,14,5
390,P4293,Vehicle 67,2024-10-13,Model B,Honda,Electric,Diesel,Ahmedabad,Third-party Dealer,26-35,Male,Government Employee,Loan,Yes,Newspaper,i,Rainy,Moderate,800,1740373,90.95102432397948,No,Yes,85,4
391,P6517,Vehicle 64,2025-01-26,Model D,Honda,Hatchback,Hybrid,Hyderabad,Third-party Dealer,36-45,Female,Doctor,UPI,Yes,Radio,i,Cloudy,Good,800,866208,111.2034918347144,No,No,29,7
392,P1401,Vehicle 33,2024-06-24,Model E,Maruti,SUV,Electric,Bangalore,Third-party Dealer,26-35,Female,Freelancer,Loan,No,TV,i,Rainy,Moderate,800,1986124,91.70497996567642,No,Yes,72,5
393,P4845,Vehicle 96,2025-01-07,Model D,Toyota,Hybrid,Electric,Ahmedabad,Authorized Dealer,46-60,Other,Doctor,Cash,Yes,Newspaper,i,Rainy,Moderate,1200,1919118,102.15717983463082,No,Yes,86,6
394,P1451,Vehicle 13,2025-01-31,Model C,Volkswagen,Truck,Hybrid,Delhi,Third-party Dealer,60+,Other,Freelancer,Loan,Yes,Radio,i,Foggy,Good,1800,587162,90.08007769836328,Yes,Yes,31,1
395,P8172,Vehicle 52,2024-07-16,Model B,Kia,SUV,Petrol,Pune,Authorized Dealer,36-45,Male,Engineer,Credit Card,No,TV,i,Cloudy,Poor,800,1074501,93.82177629261874,No,Yes,50,8
396,P6862,Vehicle 15,2025-01-07,Model E,Kia,Hybrid,Petrol,Bangalore,Third-party Dealer,26-35,Other,Teacher,EMI,Yes,Radio,i,Foggy,Moderate,1800,997452,115.1276591546069,Yes,No,11,5
397,P2811,Vehicle 72,2024-09-01,Model D,Volkswagen,Electric,Diesel,Delhi,Authorized Dealer,18-25,Female,Freelancer,Cash,No,Radio,i,Foggy,Poor,1200,1373927,110.51520831729901,Yes,No,26,5
398,P8862,Vehicle 76,2024-08-26,Model D,Honda,Truck,Diesel,Pune,Third-party Dealer,26-35,Female,Engineer,Loan,Yes,TV,i,Cloudy,Poor,1800,495677,90.39519316653353,No,Yes,54,5
399,P9687,Vehicle 90,2024-07-07,Model C,Honda,Electric,Diesel,Bangalore,Company Showroom,26-35,Other,Doctor,Credit Card,Yes,TV,i,Cloudy,Moderate,1200,1128399,90.19246382694423,No,No,38,6
400,P4306,Vehicle 78,2024-09-27,Model B,Honda,Truck,Hybrid,Ahmedabad,Company Showroom,18-25,Male,Engineer,Loan,Yes,Social Media,i,Foggy,Good,1800,2358655,94.83515165032088,No,Yes,60,6
401,P1084,Vehicle 3,2024-06-12,Model E,Hyundai,Sedan,Petrol,Delhi,Third-party Dealer,46-60,Male,Doctor,Credit Card,No,Online,i,Foggy,Poor,2500,492461,112.33242244017785,No,No,77,10
402,P2863,Vehicle 70,2024-10-10,Model A,Tata,Hybrid,Petrol,Chennai,Authorized Dealer,36-45,Other,Doctor,UPI,Yes,Social Media,i,Foggy,Good,2500,925304,96.14778371441454,No,No,80,1
403,P4413,Vehicle 45,2024-08-15,Model E,Tata,Hatchback,Petrol,Chennai,Third-party Dealer,46-60,Other,Teacher,UPI,Yes,Radio,i,Foggy,Good,1200,2351513,97.12630954046082,Yes,No,16,3
404,P9513,Vehicle 72,2024-09-03,Model C,Hyundai,SUV,Diesel,Hyderabad,Authorized Dealer,46-60,Female,Engineer,Loan,No,Online,i,Foggy,Good,1200,1501147,95.89315674758582,No,No,70,10
405,P8220,Vehicle 36,2024-08-25,Model A,Volkswagen,Sedan,Petrol,Ahmedabad,Company Showroom,60+,Other,Teacher,UPI,Yes,Social Media,i,Rainy,Poor,1800,915586,94.09385422797183,Yes,Yes,25,8
406,P4692,Vehicle 85,2024-11-18,Model E,Honda,Hybrid,Electric,Hyderabad,Company Showroom,60+,Other,Freelancer,EMI,Yes,Newspaper,i,Stormy,Poor,1800,1391071,94.43865978094577,Yes,Yes,57,5
407,P5203,Vehicle 51,2025-01-30,Model A,Honda,SUV,Diesel,Hyderabad,Company Showroom,36-45,Female,Engineer,EMI,No,Newspaper,i,Cloudy,Moderate,1500,2497968,97.78605112052033,Yes,Yes,17,9
408,P8024,Vehicle 51,2024-08-19,Model C,Ford,Hybrid,Diesel,Hyderabad,Authorized Dealer,60+,Female,Government Employee,EMI,No,Social Media,i,Sunny,Poor,800,1793361,112.90301755453412,No,No,19,10
409,P1538,Vehicle 24,2024-09-29,Model A,Kia,Hatchback,Petrol,Pune,Third-party Dealer,26-35,Female,Government Employee,Loan,No,Newspaper,i,Foggy,Good,1500,1703631,110.03629426284547,Yes,No,19,2
410,P7692,Vehicle 48,2024-10-04,Model C,Toyota,Truck,Hybrid,Hyderabad,Company Showroom,46-60,Male,Government Employee,EMI,No,Online,i,Sunny,Good,1500,1729765,112.5243954870246,Yes,No,31,1
411,P9362,Vehicle 95,2024-10-18,Model B,Maruti,Electric,Hybrid,Hyderabad,Third-party Dealer,60+,Other,Engineer,UPI,No,Social Media,i,Foggy,Good,2000,2117065,98.42158948311516,Yes,Yes,63,4
412,P8325,Vehicle 3,2024-10-16,Model D,Volkswagen,SUV,Diesel,Ahmedabad,Authorized Dealer,26-35,Other,Engineer,UPI,Yes,Online,i,Sunny,Good,2500,1986734,93.88202914499496,Yes,Yes,94,5
413,P9115,Vehicle 64,2024-08-13,Model A,Maruti,Truck,Electric,Chennai,Authorized Dealer,26-35,Male,Government Employee,UPI,No,TV,i,Stormy,Good,1200,709534,105.31237880314424,No,No,56,2
414,P2175,Vehicle 60,2024-11-04,Model D,Ford,Hatchback,Petrol,Delhi,Third-party Dealer,60+,Male,Business,Loan,Yes,Newspaper,i,Rainy,Poor,1500,2031325,105.35048381259087,Yes,No,25,8
415,P7688,Vehicle 17,2024-10-04,Model D,Hyundai,Truck,Hybrid,Mumbai,Company Showroom,18-25,Other,Freelancer,UPI,Yes,Newspaper,i,Cloudy,Poor,1800,1028232,105.70711531430024,Yes,No,46,4
416,P9435,Vehicle 87,2024-10-19,Model A,Volkswagen,SUV,Hybrid,Hyderabad,Company Showroom,18-25,Other,Freelancer,EMI,No,Newspaper,i,Cloudy,Poor,800,1366749,105.55627548392708,Yes,No,19,6
417,P7143,Vehicle 58,2024-10-02,Model C,Kia,Truck,Hybrid,Chennai,Company Showroom,36-45,Female,Government Employee,EMI,No,Online,i,Stormy,Moderate,1000,1362573,103.60538736605234,No,No,72,8
418,P7702,Vehicle 70,2024-07-04,Model A,Kia,SUV,Hybrid,Kolkata,Third-party Dealer,60+,Male,Teacher,Credit Card,Yes,Online,i,Cloudy,Poor,1000,1254412,112.23989053687164,Yes,Yes,70,4
419,P1710,Vehicle 61,2024-09-08,Model B,Ford,SUV,Electric,Pune,Authorized Dealer,60+,Other,Engineer,EMI,No,Online,i,Cloudy,Moderate,800,902553,105.64568934963697,No,Yes,40,9
420,P6202,Vehicle 61,2024-11-20,Model D,Volkswagen,Hatchback,Diesel,Bangalore,Authorized Dealer,26-35,Male,Business,UPI,Yes,Online,i,Foggy,Moderate,1200,559713,115.27021599256625,No,No,43,3
421,P8061,Vehicle 45,2025-01-25,Model E,Honda,Hatchback,Hybrid,Hyderabad,Authorized Dealer,60+,Female,Engineer,UPI,Yes,Newspaper,i,Stormy,Good,800,1198153,99.38465736126952,Yes,Yes,60,3
422,P4138,Vehicle 31,2024-10-12,Model E,Volkswagen,Truck,Electric,Mumbai,Authorized Dealer,60+,Other,Business,EMI,Yes,Newspaper,i,Sunny,Good,2000,428554,107.74789391067446,Yes,No,36,1
423,P8723,Vehicle 89,2024-09-10,Model E,Maruti,Hybrid,Electric,Mumbai,Authorized Dealer,26-35,Female,Government Employee,Cash,No,Social Media,i,Sunny,Good,2000,1771988,97.1438087402052,No,No,67,6
424,P5050,Vehicle 73,2024-12-26,Model A,Maruti,Hybrid,Hybrid,Delhi,Third-party Dealer,26-35,Female,Doctor,EMI,No,Online,i,Foggy,Good,1500,833364,109.84103487260295,Yes,Yes,18,9
425,P2056,Vehicle 83,2024-07-02,Model D,Ford,Truck,Diesel,Chennai,Authorized Dealer,46-60,Male,Doctor,Cash,No,Newspaper,i,Rainy,Moderate,1800,1419524,118.2364091827157,No,Yes,15,1
426,P9815,Vehicle 6,2024-07-03,Model A,Tata,Electric,Hybrid,Mumbai,Third-party Dealer,46-60,Male,Business,Cash,No,Newspaper,i,Sunny,Poor,1800,820781,99.31255899532249,Yes,No,23,10
427,P1822,Vehicle 56,2024-07-30,Model A,Maruti,Hybrid,Diesel,Bangalore,Authorized Dealer,36-45,Female,Business,UPI,No,Radio,i,Foggy,Moderate,1200,798771,103.4533387513573,Yes,Yes,58,4
428,P4280,Vehicle 24,2024-09-14,Model C,Honda,Electric,Petrol,Kolkata,Third-party Dealer,18-25,Male,Doctor,Credit Card,Yes,TV,i,Foggy,Good,1800,2485791,108.59646668657032,No,No,17,7
429,P8611,Vehicle 88,2025-01-23,Model E,Honda,Hybrid,Petrol,Bangalore,Company Showroom,46-60,Other,Business,EMI,Yes,Newspaper,i,Stormy,Good,2500,2355656,95.01313839697062,No,Yes,34,10
430,P3086,Vehicle 60,2024-08-19,Model C,Volkswagen,Sedan,Hybrid,Kolkata,Company Showroom,18-25,Female,Business,Credit Card,Yes,Online,i,Sunny,Poor,2500,1428816,101.49674853865325,Yes,Yes,18,10
431,P3033,Vehicle 23,2024-09-02,Model A,Honda,Sedan,Hybrid,Kolkata,Third-party Dealer,36-45,Female,Government Employee,Loan,Yes,Social Media,i,Foggy,Good,1800,576467,109.87127097361204,Yes,Yes,51,4
432,P3715,Vehicle 79,2025-01-08,Model E,Honda,Hatchback,Electric,Hyderabad,Authorized Dealer,46-60,Male,Engineer,Loan,No,Radio,i,Rainy,Poor,1500,759951,93.62911834119187,Yes,Yes,13,5
433,P3653,Vehicle 51,2025-01-16,Model D,Tata,Sedan,Electric,Hyderabad,Company Showroom,36-45,Other,Government Employee,Loan,Yes,Radio,i,Cloudy,Poor,2500,1332865,116.03607005967524,Yes,No,79,5
434,P3357,Vehicle 22,2024-12-27,Model A,Tata,Hatchback,Petrol,Ahmedabad,Company Showroom,36-45,Other,Freelancer,UPI,No,Radio,i,Rainy,Moderate,800,1168545,97.23036738819565,No,Yes,23,8
435,P4384,Vehicle 4,2024-06-21,Model B,Maruti,Truck,Electric,Pune,Authorized Dealer,36-45,Male,Doctor,EMI,Yes,Online,i,Rainy,Poor,800,776224,118.6056617959828,Yes,No,26,5
436,P9766,Vehicle 44,2024-12-26,Model D,Volkswagen,Sedan,Petrol,Hyderabad,Third-party Dealer,60+,Female,Business,Credit Card,No,TV,i,Foggy,Moderate,800,1630562,90.86569680164614,Yes,No,88,3
437,P8306,Vehicle 66,2024-10-28,Model B,Toyota,Truck,Petrol,Hyderabad,Third-party Dealer,26-35,Other,Freelancer,Loan,Yes,Newspaper,i,Cloudy,Poor,800,1536700,111.73603135497169,No,No,31,1
438,P6381,Vehicle 76,2025-01-31,Model A,Honda,Sedan,Diesel,Mumbai,Authorized Dealer,46-60,Male,Engineer,UPI,Yes,Newspaper,i,Cloudy,Good,1500,2336504,109.3728074823174,Yes,No,66,7
439,P4732,Vehicle 67,2024-08-09,Model D,Tata,Hybrid,Hybrid,Delhi,Third-party Dealer,36-45,Other,Teacher,UPI,Yes,Newspaper,i,Foggy,Moderate,2000,2473838,98.04300432257006,No,No,51,6
440,P8552,Vehicle 67,2024-10-20,Model D,Ford,Hatchback,Diesel,Kolkata,Third-party Dealer,18-25,Male,Freelancer,UPI,Yes,TV,i,Stormy,Poor,2500,441739,92.37259360123183,No,No,36,3
441,P8696,Vehicle 66,2024-09-25,Model B,Maruti,Electric,Petrol,Chennai,Third-party Dealer,18-25,Other,Teacher,UPI,Yes,Newspaper,i,Cloudy,Good,1800,592245,113.9363631016856,No,No,84,3
442,P5977,Vehicle 96,2024-12-18,Model B,Kia,Sedan,Electric,Chennai,Third-party Dealer,46-60,Female,Freelancer,UPI,No,Social Media,i,Foggy,Poor,2500,691233,102.19293104509669,Yes,Yes,66,7
443,P9730,Vehicle 11,2024-12-15,Model C,Kia,Truck,Hybrid,Chennai,Authorized Dealer,18-25,Other,Government Employee,Loan,Yes,TV,i,Rainy,Moderate,1800,491177,111.05916551871984,No,Yes,13,5
444,P8952,Vehicle 85,2024-08-02,Model B,Honda,Sedan,Petrol,Kolkata,Authorized Dealer,18-25,Male,Engineer,Loan,Yes,Radio,i,Sunny,Poor,1000,479691,94.4496183860297,No,No,87,1
445,P6929,Vehicle 13,2025-01-19,Model E,Hyundai,Electric,Electric,Pune,Authorized Dealer,60+,Male,Doctor,Cash,Yes,Radio,i,Stormy,Poor,1200,1087680,90.36975357347055,Yes,No,81,7
446,P3033,Vehicle 96,2024-11-30,Model D,Maruti,Hatchback,Diesel,Bangalore,Authorized Dealer,26-35,Female,Freelancer,EMI,No,Online,i,Rainy,Poor,800,1664733,106.89106075432412,No,No,16,10
447,P6178,Vehicle 42,2024-08-05,Model D,Toyota,Hatchback,Petrol,Kolkata,Authorized Dealer,26-35,Other,Teacher,EMI,Yes,Radio,i,Stormy,Good,2500,339828,104.73975980679784,Yes,No,58,5
448,P2211,Vehicle 13,2024-07-12,Model D,Honda,Sedan,Petrol,Hyderabad,Company Showroom,60+,Female,Business,UPI,Yes,Online,i,Rainy,Moderate,1000,1360251,112.56623014599685,Yes,No,88,3
449,P2808,Vehicle 31,2024-11-02,Model C,Volkswagen,Hybrid,Petrol,Mumbai,Third-party Dealer,26-35,Male,Doctor,Loan,No,Social Media,i,Rainy,Good,1200,1826583,117.47990220474779,Yes,Yes,92,10
450,P9316,Vehicle 61,2025-01-20,Model B,Tata,Sedan,Diesel,Kolkata,Company Showroom,46-60,Male,Doctor,EMI,Yes,TV,i,Stormy,Moderate,1000,685790,110.58771562940538,Yes,Yes,88,7
451,P8382,Vehicle 5,2024-07-09,Model E,Kia,SUV,Petrol,Hyderabad,Company Showroom,46-60,Female,Teacher,Credit Card,No,Radio,i,Stormy,Good,800,518656,113.97161507877946,No,Yes,52,2
452,P4050,Vehicle 68,2024-08-20,Model D,Hyundai,Electric,Diesel,Mumbai,Company Showroom,46-60,Male,Business,EMI,Yes,Radio,i,Cloudy,Poor,2500,2485919,94.95012639298265,No,Yes,58,8
453,P3896,Vehicle 32,2024-08-28,Model D,Volkswagen,Hatchback,Diesel,Kolkata,Third-party Dealer,26-35,Male,Freelancer,Loan,No,Online,i,Sunny,Good,1800,2495006,95.98876696520988,No,No,55,10
454,P3169,Vehicle 100,2025-01-16,Model E,Volkswagen,SUV,Diesel,Ahmedabad,Authorized Dealer,18-25,Other,Government Employee,Credit Card,No,Newspaper,i,Stormy,Poor,1500,875376,111.72707366892935,Yes,Yes,79,5
455,P8807,Vehicle 75,2024-11-02,Model C,Kia,Hatchback,Electric,Mumbai,Third-party Dealer,36-45,Male,Government Employee,UPI,No,Radio,i,Rainy,Good,1500,2444876,98.52358536702944,Yes,Yes,45,1
456,P8019,Vehicle 65,2024-07-07,Model C,Kia,Sedan,Hybrid,Mumbai,Company Showroom,60+,Male,Doctor,Credit Card,Yes,TV,i,Cloudy,Moderate,2000,388685,103.34280599187423,Yes,No,78,1
457,P6687,Vehicle 3,2024-09-17,Model A,Tata,Hybrid,Hybrid,Hyderabad,Authorized Dealer,26-35,Male,Teacher,EMI,No,TV,i,Stormy,Moderate,800,1596285,92.39673192943008,Yes,Yes,21,6
458,P1178,Vehicle 54,2024-08-31,Model B,Hyundai,Truck,Electric,Hyderabad,Company Showroom,18-25,Male,Engineer,Cash,Yes,TV,i,Sunny,Moderate,1000,1571731,114.39701838965986,Yes,No,17,2
459,P7147,Vehicle 4,2025-02-06,Model B,Ford,Electric,Hybrid,Pune,Company Showroom,60+,Other,Freelancer,Cash,Yes,TV,i,Stormy,Good,1500,1860689,114.91932678913162,No,No,39,8
460,P7909,Vehicle 33,2024-11-21,Model B,Maruti,Hatchback,Hybrid,Kolkata,Authorized Dealer,46-60,Male,Government Employee,EMI,Yes,Radio,i,Stormy,Moderate,800,1706366,104.7657544521126,Yes,No,76,5
461,P1435,Vehicle 3,2024-12-14,Model C,Hyundai,Truck,Hybrid,Ahmedabad,Company Showroom,18-25,Female,Business,Cash,Yes,Online,i,Sunny,Good,2000,1709724,109.96302075670309,No,No,74,5
462,P4592,Vehicle 51,2024-08-17,Model C,Honda,Hybrid,Diesel,Mumbai,Company Showroom,36-45,Other,Doctor,Credit Card,No,Social Media,i,Rainy,Moderate,1200,2093932,105.97725326107971,No,No,89,8
463,P4130,Vehicle 62,2024-10-01,Model B,Kia,Hybrid,Hybrid,Pune,Third-party Dealer,60+,Male,Teacher,UPI,Yes,TV,i,Foggy,Moderate,1000,1060357,118.6960271276418,Yes,No,55,1
464,P6648,Vehicle 32,2024-07-07,Model E,Kia,Truck,Petrol,Hyderabad,Authorized Dealer,46-60,Male,Engineer,UPI,Yes,Radio,i,Sunny,Poor,1800,2111635,91.59809455564869,Yes,Yes,96,1
465,P5406,Vehicle 19,2024-12-29,Model B,Hyundai,Hybrid,Electric,Kolkata,Authorized Dealer,60+,Female,Government Employee,Cash,No,Online,i,Cloudy,Poor,2500,1867430,116.50619860081233,No,Yes,94,1
466,P9962,Vehicle 88,2024-10-05,Model E,Tata,Hybrid,Electric,Mumbai,Authorized Dealer,26-35,Other,Engineer,Credit Card,Yes,Newspaper,i,Sunny,Moderate,1800,1381066,112.5469316074109,Yes,Yes,64,10
467,P5065,Vehicle 53,2024-09-15,Model B,Tata,SUV,Petrol,Chennai,Authorized Dealer,36-45,Other,Teacher,EMI,Yes,Radio,i,Sunny,Moderate,800,497505,97.65872156804983,Yes,Yes,62,10
468,P7265,Vehicle 95,2024-09-30,Model E,Hyundai,Sedan,Petrol,Mumbai,Company Showroom,26-35,Female,Teacher,EMI,Yes,Radio,i,Cloudy,Moderate,1000,1899323,99.55614821611695,No,Yes,92,3
469,P5798,Vehicle 32,2024-12-06,Model D,Tata,Hatchback,Petrol,Kolkata,Company Showroom,18-25,Other,Doctor,UPI,Yes,Online,i,Sunny,Poor,1000,1936945,101.84941200667208,Yes,No,46,7
470,P2684,Vehicle 54,2024-12-13,Model D,Volkswagen,Hybrid,Diesel,Kolkata,Third-party Dealer,60+,Female,Doctor,Cash,No,Social Media,i,Foggy,Good,1000,1355873,109.21310497319216,Yes,No,31,4
471,P1328,Vehicle 4,2025-01-02,Model A,Maruti,SUV,Petrol,Bangalore,Company Showroom,46-60,Male,Teacher,Credit Card,No,Online,i,Foggy,Good,2500,1167563,114.47931243761165,Yes,Yes,89,6
472,P5664,Vehicle 89,2024-11-29,Model B,Ford,Truck,Hybrid,Ahmedabad,Third-party Dealer,60+,Female,Government Employee,Cash,No,Newspaper,i,Foggy,Moderate,800,1192357,91.95649448640917,Yes,No,90,4
473,P4379,Vehicle 75,2024-11-02,Model B,Volkswagen,SUV,Electric,Hyderabad,Third-party Dealer,18-25,Female,Government Employee,EMI,Yes,Radio,i,Cloudy,Good,1200,1655814,100.69312017357657,Yes,Yes,26,9
474,P4982,Vehicle 95,2024-10-19,Model A,Tata,Hybrid,Hybrid,Pune,Company Showroom,46-60,Other,Government Employee,EMI,Yes,Newspaper,i,Cloudy,Poor,2500,1332448,102.66322164616419,Yes,Yes,26,10
475,P9144,Vehicle 8,2024-12-20,Model A,Toyota,Sedan,Electric,Mumbai,Company Showroom,46-60,Female,Engineer,Loan,No,Newspaper,i,Cloudy,Good,1800,1644319,109.47783602895255,Yes,Yes,29,6
476,P1155,Vehicle 94,2024-09-11,Model E,Ford,Hatchback,Diesel,Pune,Company Showroom,36-45,Other,Business,EMI,No,Radio,i,Stormy,Good,1800,1019391,98.21244645110312,No,No,58,7
477,P2093,Vehicle 64,2024-08-30,Model B,Hyundai,SUV,Petrol,Ahmedabad,Third-party Dealer,60+,Male,Doctor,Loan,Yes,Newspaper,i,Sunny,Good,1000,1871246,106.25676578005533,No,No,92,7
478,P3779,Vehicle 68,2024-09-06,Model C,Hyundai,Truck,Diesel,Hyderabad,Third-party Dealer,36-45,Male,Teacher,Loan,No,Newspaper,i,Stormy,Moderate,1000,2123809,92.91796104296932,Yes,No,32,7
479,P9034,Vehicle 76,2024-06-12,Model C,Honda,Sedan,Diesel,Chennai,Authorized Dealer,36-45,Female,Government Employee,Credit Card,Yes,TV,i,Sunny,Moderate,800,1392426,104.34882337737002,No,Yes,31,2
480,P7210,Vehicle 85,2024-08-12,Model A,Hyundai,SUV,Electric,Mumbai,Authorized Dealer,26-35,Other,Teacher,Cash,Yes,TV,i,Stormy,Moderate,1200,2150438,98.90834556101753,No,No,44,8
481,P7809,Vehicle 26,2024-12-16,Model A,Hyundai,Sedan,Diesel,Ahmedabad,Third-party Dealer,60+,Other,Teacher,Loan,No,Newspaper,i,Stormy,Good,1500,1086159,91.49728393181826,Yes,Yes,20,9
482,P4759,Vehicle 93,2025-01-29,Model D,Tata,Truck,Electric,Delhi,Company Showroom,26-35,Other,Teacher,Credit Card,No,Social Media,i,Cloudy,Good,1500,1678983,116.16625717742987,No,Yes,97,4
483,P7409,Vehicle 16,2024-12-14,Model E,Hyundai,Sedan,Hybrid,Ahmedabad,Company Showroom,60+,Male,Engineer,Cash,Yes,Radio,i,Sunny,Poor,800,1740289,110.05778913075127,Yes,No,54,7
484,P5467,Vehicle 88,2024-11-22,Model B,Hyundai,Hybrid,Petrol,Pune,Company Showroom,60+,Male,Teacher,Loan,Yes,Newspaper,i,Foggy,Poor,2000,2162430,95.36752045888963,Yes,No,49,8
485,P5934,Vehicle 28,2024-07-17,Model C,Toyota,Truck,Hybrid,Kolkata,Authorized Dealer,18-25,Female,Government Employee,EMI,Yes,TV,i,Cloudy,Good,2000,414508,107.24603640634959,No,No,19,3
486,P3366,Vehicle 90,2024-08-31,Model C,Hyundai,Electric,Diesel,Hyderabad,Authorized Dealer,60+,Male,Engineer,Loan,No,Radio,i,Rainy,Poor,2500,2461360,98.40802532783,Yes,Yes,79,6
487,P7136,Vehicle 52,2024-12-08,Model D,Maruti,Hybrid,Hybrid,Kolkata,Company Showroom,26-35,Other,Doctor,Credit Card,No,Radio,i,Foggy,Moderate,2000,2067614,114.53485494032594,Yes,Yes,17,2
488,P5803,Vehicle 29,2024-10-18,Model C,Maruti,Hybrid,Electric,Delhi,Third-party Dealer,46-60,Other,Business,Loan,Yes,Newspaper,i,Foggy,Poor,1200,1732164,100.20145254845987,No,Yes,91,1
489,P7365,Vehicle 13,2024-08-23,Model B,Volkswagen,Sedan,Diesel,Ahmedabad,Authorized Dealer,26-35,Male,Freelancer,Credit Card,Yes,Social Media,i,Sunny,Moderate,2500,1460636,115.23085630209005,Yes,Yes,67,10
490,P2079,Vehicle 75,2024-07-29,Model B,Volkswagen,Electric,Hybrid,Kolkata,Authorized Dealer,26-35,Female,Government Employee,Credit Card,No,TV,i,Rainy,Good,2000,1757460,97.40661786974624,No,No,79,3
491,P6184,Vehicle 79,2024-06-29,Model D,Ford,Hatchback,Electric,Hyderabad,Authorized Dealer,26-35,Other,Teacher,Loan,Yes,Online,i,Cloudy,Good,1200,450943,113.08388063503506,Yes,Yes,94,2
492,P6834,Vehicle 91,2024-07-19,Model D,Hyundai,Sedan,Petrol,Ahmedabad,Authorized Dealer,36-45,Other,Teacher,Loan,Yes,Online,i,Sunny,Good,2000,908834,102.14623846780552,Yes,Yes,99,8
493,P2389,Vehicle 26,2024-10-14,Model B,Tata,Truck,Petrol,Delhi,Company Showroom,18-25,Female,Engineer,Credit Card,No,Radio,i,Cloudy,Good,2000,918945,118.69260253755559,Yes,No,28,3
494,P7573,Vehicle 67,2024-11-15,Model D,Kia,Truck,Diesel,Kolkata,Third-party Dealer,26-35,Female,Engineer,Credit Card,Yes,Newspaper,i,Sunny,Moderate,2500,438361,96.4110416399998,Yes,No,18,2
495,P8839,Vehicle 52,2025-01-23,Model E,Hyundai,Hybrid,Petrol,Delhi,Company Showroom,26-35,Male,Business,UPI,No,TV,i,Cloudy,Good,800,1178324,116.25480190543698,Yes,Yes,64,9
496,P7611,Vehicle 21,2024-06-17,Model E,Toyota,Sedan,Hybrid,Hyderabad,Company Showroom,26-35,Other,Government Employee,Credit Card,No,Radio,i,Stormy,Moderate,2500,864274,114.19236958210544,Yes,Yes,59,7
497,P1254,Vehicle 51,2024-07-07,Model D,Toyota,Electric,Electric,Pune,Third-party Dealer,26-35,Female,Engineer,UPI,No,Online,i,Rainy,Poor,1500,809028,96.65887379350359,Yes,No,40,10
498,P3307,Vehicle 5,2024-06-21,Model D,Maruti,Hybrid,Diesel,Pune,Authorized Dealer,26-35,Other,Government Employee,Credit Card,No,TV,i,Rainy,Moderate,1800,801620,101.76470494901498,No,No,14,3
499,P4573,Vehicle 26,2024-09-13,Model B,Maruti,Electric,Petrol,Kolkata,Authorized Dealer,18-25,Male,Government Employee,EMI,No,Social Media,i,Foggy,Good,2000,1208224,105.17742311479833,Yes,No,50,8
500,P6520,Vehicle 35,2024-10-27,Model C,Hyundai,SUV,Electric,Pune,Third-party Dealer,26-35,Female,Freelancer,Loan,Yes,TV,i,Stormy,Poor,1200,2127544,94.42738250364886,No,No,47,1
